--- 테스트 계정
insert into user_account (user_id, user_password, nickname, email, memo, created_at, created_by, modified_at, modified_by) values ('joo', '{noop}1234asdf', 'Joo', 'jk042386@gmail.com', 'bulabula', now(), 'joo', now(), 'joo');
insert into user_account (user_id, user_password, nickname, email, memo, created_at, created_by, modified_at, modified_by) values ('a', '{noop}1234asdf', 'A', 'a@gmail.com', 'bulabula', now(), 'a', now(), 'a');
insert into user_account (user_id, user_password, nickname, email, memo, created_at, created_by, modified_at, modified_by) values ('jujoo', '{noop}1234asdf', 'Jujoo', 'jujoo042386@gmail.com', 'bulabula', now(), 'jujoo', now(), 'jujoo');

--- 게시글 123개
insert into article (user_id, title, content, created_by, modified_by, created_at, modified_at) values
('a', 'Suspendisse potenti.', 'Curabitur in libero ut massa volutpat convallis. Morbi odio odio, elementum eu, interdum eu, tincidunt in, leo. Maecenas pulvinar lobortis est.', 'Papagena', 'Merlina', '2023-03-29 02:42:34', '2022-10-30 12:20:06'),
('joo', 'Morbi odio odio, elementum eu, interdum eu, tincidunt in, leo.', 'Integer tincidunt ante vel ipsum. Praesent blandit lacinia erat. Vestibulum sed magna at nunc commodo placerat.', 'Raychel', 'Stillman', '2023-01-10 03:30:17', '2023-06-16 00:37:10'),
('joo', 'Duis bibendum.', 'Proin leo odio, porttitor id, consequat in, consequat ut, nulla. Sed accumsan felis. Ut at dolor quis odio consequat varius.', 'Neils', 'Shoshana', '2023-01-13 16:26:38', '2022-09-09 15:35:19'),
('a', 'Pellentesque at nulla.', 'Suspendisse potenti. In eleifend quam a odio. In hac habitasse platea dictumst.', 'Erwin', 'Frieda', '2022-09-25 00:06:37', '2023-04-02 19:34:20'),
('a', 'Lorem ipsum dolor sit amet, consectetuer adipiscing elit.', 'Suspendisse potenti. In eleifend quam a odio. In hac habitasse platea dictumst.', 'Darby', 'Teddi', '2023-01-16 05:28:08', '2023-06-28 17:49:46'),
('a', 'Aliquam sit amet diam in magna bibendum imperdiet.', 'Praesent id massa id nisl venenatis lacinia. Aenean sit amet justo. Morbi ut odio.', 'Elvin', 'Cleon', '2023-02-15 16:59:31', '2023-05-30 20:15:40'),
('a', 'Morbi ut odio.', 'Morbi porttitor lorem id ligula. Suspendisse ornare consequat lectus. In est risus, auctor sed, tristique in, tempus sit amet, sem.', 'Phaidra', 'Jake', '2022-07-13 13:29:25', '2023-01-09 21:16:45'),
('joo', 'Aenean sit amet justo.', 'Proin eu mi. Nulla ac enim. In tempor, turpis nec euismod scelerisque, quam turpis adipiscing lorem, vitae mattis nibh ligula nec sem.', 'Hermann', 'Nara', '2023-03-24 23:07:00', '2022-11-10 19:40:27'),
('joo', 'Praesent blandit.', 'Aenean fermentum. Donec ut mauris eget massa tempor convallis. Nulla neque libero, convallis eget, eleifend luctus, ultricies eu, nibh.', 'Amery', 'Tomi', '2022-09-06 03:29:46', '2023-04-16 12:29:00'),
('joo', 'Nulla ac enim.', 'Fusce consequat. Nulla nisl. Nunc nisl.', 'Royce', 'Dur', '2022-07-20 15:20:42', '2022-07-17 02:41:57'),
('a', 'Maecenas rhoncus aliquam lacus.', 'Phasellus in felis. Donec semper sapien a libero. Nam dui.', 'Bethena', 'Julee', '2023-02-13 13:44:20', '2022-07-13 11:45:11'),
('joo', 'Nunc rhoncus dui vel sem.', 'Duis bibendum. Morbi non quam nec dui luctus rutrum. Nulla tellus.', 'Brennan', 'Vanya', '2022-10-20 08:59:43', '2023-02-11 05:29:20'),
('a', 'Mauris enim leo, rhoncus sed, vestibulum sit amet, cursus id, turpis.', 'Proin leo odio, porttitor id, consequat in, consequat ut, nulla. Sed accumsan felis. Ut at dolor quis odio consequat varius.', 'Berri', 'Enos', '2023-01-22 05:59:25', '2023-02-12 11:27:13'),
('joo', 'Duis mattis egestas metus.', 'Nullam sit amet turpis elementum ligula vehicula consequat. Morbi a ipsum. Integer a nibh.', 'Ode', 'Sissie', '2022-08-22 01:30:58', '2023-05-24 05:19:49'),
('joo', 'Nam nulla.', 'In hac habitasse platea dictumst. Morbi vestibulum, velit id pretium iaculis, diam erat fermentum justo, nec condimentum neque sapien placerat ante. Nulla justo.', 'Gerladina', 'Wang', '2023-02-01 18:16:02', '2023-06-10 12:30:40'),
('a', 'Nullam orci pede, venenatis non, sodales sed, tincidunt eu, felis.', 'Duis aliquam convallis nunc. Proin at turpis a pede posuere nonummy. Integer non velit.', 'Martita', 'Hayyim', '2022-10-04 07:37:45', '2023-03-21 23:33:55'),
('joo', 'Vestibulum quam sapien, varius ut, blandit non, interdum in, ante.', 'Fusce posuere felis sed lacus. Morbi sem mauris, laoreet ut, rhoncus aliquet, pulvinar sed, nisl. Nunc rhoncus dui vel sem.', 'Agnes', 'Tammi', '2023-04-19 04:43:55', '2023-02-07 03:25:46'),
('joo', 'Fusce congue, diam id ornare imperdiet, sapien urna pretium nisl, ut volutpat sapien arcu sed augue.', 'Praesent id massa id nisl venenatis lacinia. Aenean sit amet justo. Morbi ut odio.', 'Stanfield', 'Dermot', '2022-12-24 05:04:03', '2023-05-13 04:10:48'),
('joo', 'Mauris sit amet eros.', 'Curabitur gravida nisi at nibh. In hac habitasse platea dictumst. Aliquam augue quam, sollicitudin vitae, consectetuer eget, rutrum at, lorem.', 'Silvio', 'Sheffy', '2022-11-05 18:24:48', '2023-01-30 10:55:06'),
('a', 'Praesent id massa id nisl venenatis lacinia.', 'Suspendisse potenti. In eleifend quam a odio. In hac habitasse platea dictumst.', 'Ada', 'Leyla', '2022-09-02 09:45:26', '2022-07-21 06:19:30'),
('joo', 'Donec odio justo, sollicitudin ut, suscipit a, feugiat et, eros.', 'Aenean fermentum. Donec ut mauris eget massa tempor convallis. Nulla neque libero, convallis eget, eleifend luctus, ultricies eu, nibh.', 'Joete', 'Clarice', '2022-09-17 02:10:23', '2023-03-04 20:35:56'),
('a', 'Suspendisse potenti.', 'Mauris enim leo, rhoncus sed, vestibulum sit amet, cursus id, turpis. Integer aliquet, massa id lobortis convallis, tortor risus dapibus augue, vel accumsan tellus nisi eu orci. Mauris lacinia sapien quis libero.', 'Rycca', 'Mariann', '2022-07-09 03:51:18', '2022-07-14 18:54:24'),
('a', 'Morbi odio odio, elementum eu, interdum eu, tincidunt in, leo.', 'Vestibulum ac est lacinia nisi venenatis tristique. Fusce congue, diam id ornare imperdiet, sapien urna pretium nisl, ut volutpat sapien arcu sed augue. Aliquam erat volutpat.', 'Erhard', 'Mohandis', '2022-12-07 11:53:23', '2023-06-22 04:11:25'),
('joo', 'Vestibulum ante ipsum primis in faucibus orci luctus et ultrices posuere cubilia Curae; Mauris viverra diam vitae quam.', 'Maecenas leo odio, condimentum id, luctus nec, molestie sed, justo. Pellentesque viverra pede ac diam. Cras pellentesque volutpat dui.', 'Zorine', 'Randene', '2022-11-02 05:18:40', '2022-09-01 16:25:38'),
('joo', 'Integer tincidunt ante vel ipsum.', 'Proin interdum mauris non ligula pellentesque ultrices. Phasellus id sapien in sapien iaculis congue. Vivamus metus arcu, adipiscing molestie, hendrerit at, vulputate vitae, nisl.', 'Mitchael', 'Anton', '2022-09-12 05:24:56', '2023-05-10 08:25:25'),
('joo', 'Sed accumsan felis.', 'Proin interdum mauris non ligula pellentesque ultrices. Phasellus id sapien in sapien iaculis congue. Vivamus metus arcu, adipiscing molestie, hendrerit at, vulputate vitae, nisl.', 'Shaw', 'Asia', '2022-07-05 08:22:54', '2022-09-11 19:58:01'),
('joo', 'Praesent blandit lacinia erat.', 'Duis aliquam convallis nunc. Proin at turpis a pede posuere nonummy. Integer non velit.', 'Fernanda', 'Ileana', '2023-02-19 01:13:46', '2023-02-09 09:04:18'),
('a', 'Pellentesque viverra pede ac diam.', 'Phasellus in felis. Donec semper sapien a libero. Nam dui.', 'Cynthie', 'Pansie', '2022-12-28 19:45:54', '2023-06-23 11:35:59'),
('joo', 'Quisque ut erat.', 'Nam ultrices, libero non mattis pulvinar, nulla pede ullamcorper augue, a suscipit nulla elit ac nulla. Sed vel enim sit amet nunc viverra dapibus. Nulla suscipit ligula in lacus.', 'Samara', 'Gideon', '2023-02-28 06:28:25', '2023-01-23 08:10:42'),
('a', 'Praesent lectus.', 'Phasellus in felis. Donec semper sapien a libero. Nam dui.', 'Ulrica', 'Paulita', '2022-10-10 12:49:31', '2022-09-16 07:14:19'),
('a', 'Vivamus in felis eu sapien cursus vestibulum.', 'Integer ac leo. Pellentesque ultrices mattis odio. Donec vitae nisi.', 'Dehlia', 'Torrin', '2022-11-12 18:52:39', '2023-03-11 05:52:44'),
('a', 'Duis aliquam convallis nunc.', 'In quis justo. Maecenas rhoncus aliquam lacus. Morbi quis tortor id nulla ultrices aliquet.', 'Deloria', 'Irita', '2023-04-28 04:46:47', '2022-10-15 10:43:41'),
('a', 'Quisque erat eros, viverra eget, congue eget, semper rutrum, nulla.', 'Morbi non lectus. Aliquam sit amet diam in magna bibendum imperdiet. Nullam orci pede, venenatis non, sodales sed, tincidunt eu, felis.', 'Jedd', 'Gerladina', '2023-01-04 14:35:26', '2023-02-03 20:56:25'),
('a', 'Ut tellus.', 'Praesent blandit. Nam nulla. Integer pede justo, lacinia eget, tincidunt eget, tempus vel, pede.', 'Maryanna', 'Allistir', '2023-01-11 21:15:16', '2022-09-18 01:17:47'),
('joo', 'Nulla ut erat id mauris vulputate elementum.', 'Phasellus sit amet erat. Nulla tempus. Vivamus in felis eu sapien cursus vestibulum.', 'Kendre', 'Windham', '2022-11-06 22:00:01', '2022-10-13 19:51:36'),
('joo', 'Vivamus in felis eu sapien cursus vestibulum.', 'Fusce consequat. Nulla nisl. Nunc nisl.', 'Caroline', 'Paula', '2022-10-15 01:19:35', '2022-07-19 12:03:21'),
('joo', 'In tempor, turpis nec euismod scelerisque, quam turpis adipiscing lorem, vitae mattis nibh ligula nec sem.', 'Morbi non lectus. Aliquam sit amet diam in magna bibendum imperdiet. Nullam orci pede, venenatis non, sodales sed, tincidunt eu, felis.', 'Phebe', 'Caryl', '2022-07-25 18:51:08', '2022-11-06 11:51:53'),
('a', 'Vestibulum ac est lacinia nisi venenatis tristique.', 'Sed sagittis. Nam congue, risus semper porta volutpat, quam pede lobortis ligula, sit amet eleifend pede libero quis orci. Nullam molestie nibh in lectus.', 'Jill', 'Nonie', '2022-10-24 01:49:13', '2023-05-12 09:48:20'),
('a', 'Aliquam erat volutpat.', 'Proin interdum mauris non ligula pellentesque ultrices. Phasellus id sapien in sapien iaculis congue. Vivamus metus arcu, adipiscing molestie, hendrerit at, vulputate vitae, nisl.', 'Jock', 'Hanni', '2022-09-17 13:11:44', '2022-08-17 01:07:54'),
('a', 'Etiam faucibus cursus urna.', 'Vestibulum quam sapien, varius ut, blandit non, interdum in, ante. Vestibulum ante ipsum primis in faucibus orci luctus et ultrices posuere cubilia Curae; Duis faucibus accumsan odio. Curabitur convallis.', 'Giordano', 'Alisun', '2023-03-29 19:07:55', '2023-01-06 14:26:51'),
('a', 'Maecenas leo odio, condimentum id, luctus nec, molestie sed, justo.', 'Nulla ut erat id mauris vulputate elementum. Nullam varius. Nulla facilisi.', 'Sallyanne', 'Kattie', '2022-08-01 10:06:55', '2023-03-31 22:39:04'),
('a', 'Sed vel enim sit amet nunc viverra dapibus.', 'Duis bibendum. Morbi non quam nec dui luctus rutrum. Nulla tellus.', 'Federico', 'Francklyn', '2023-01-29 17:42:37', '2023-04-27 21:43:25'),
('a', 'Cras in purus eu magna vulputate luctus.', 'Mauris enim leo, rhoncus sed, vestibulum sit amet, cursus id, turpis. Integer aliquet, massa id lobortis convallis, tortor risus dapibus augue, vel accumsan tellus nisi eu orci. Mauris lacinia sapien quis libero.', 'Bard', 'Kimbell', '2022-07-24 07:21:09', '2022-07-16 17:40:01'),
('joo', 'Aliquam augue quam, sollicitudin vitae, consectetuer eget, rutrum at, lorem.', 'Praesent id massa id nisl venenatis lacinia. Aenean sit amet justo. Morbi ut odio.', 'Farrand', 'Frances', '2023-06-07 05:01:42', '2022-07-05 01:54:26'),
('joo', 'Etiam justo.', 'Phasellus in felis. Donec semper sapien a libero. Nam dui.', 'Lemuel', 'Chrissie', '2023-05-27 09:14:59', '2022-09-14 22:18:37'),
('a', 'Fusce congue, diam id ornare imperdiet, sapien urna pretium nisl, ut volutpat sapien arcu sed augue.', 'Maecenas leo odio, condimentum id, luctus nec, molestie sed, justo. Pellentesque viverra pede ac diam. Cras pellentesque volutpat dui.', 'Janenna', 'Hastings', '2023-03-06 19:23:39', '2023-03-25 00:51:54'),
('a', 'Vestibulum ac est lacinia nisi venenatis tristique.', 'Fusce posuere felis sed lacus. Morbi sem mauris, laoreet ut, rhoncus aliquet, pulvinar sed, nisl. Nunc rhoncus dui vel sem.', 'Barnabe', 'Evelyn', '2022-10-30 14:42:35', '2022-09-18 10:40:19'),
('a', 'Nulla tempus.', 'Phasellus in felis. Donec semper sapien a libero. Nam dui.', 'Fae', 'Ben', '2022-10-22 22:08:57', '2022-09-27 23:44:24'),
('a', 'Donec diam neque, vestibulum eget, vulputate ut, ultrices vel, augue.', 'Suspendisse potenti. In eleifend quam a odio. In hac habitasse platea dictumst.', 'Sigismund', 'Rafael', '2023-05-08 04:36:12', '2022-09-24 04:01:49'),
('a', 'Quisque erat eros, viverra eget, congue eget, semper rutrum, nulla.', 'Vestibulum quam sapien, varius ut, blandit non, interdum in, ante. Vestibulum ante ipsum primis in faucibus orci luctus et ultrices posuere cubilia Curae; Duis faucibus accumsan odio. Curabitur convallis.', 'Mead', 'Rollie', '2023-04-26 01:21:51', '2022-11-14 01:52:28'),
('a', 'Proin interdum mauris non ligula pellentesque ultrices.', 'Phasellus in felis. Donec semper sapien a libero. Nam dui.', 'Petronella', 'Benjie', '2022-12-01 12:06:41', '2022-10-25 07:59:54'),
('joo', 'Donec dapibus.', 'Vestibulum ac est lacinia nisi venenatis tristique. Fusce congue, diam id ornare imperdiet, sapien urna pretium nisl, ut volutpat sapien arcu sed augue. Aliquam erat volutpat.', 'Bert', 'Jamaal', '2022-08-20 05:38:30', '2022-12-21 02:34:35'),
('joo', 'Suspendisse potenti.', 'Vestibulum ac est lacinia nisi venenatis tristique. Fusce congue, diam id ornare imperdiet, sapien urna pretium nisl, ut volutpat sapien arcu sed augue. Aliquam erat volutpat.', 'Vale', 'Joelie', '2022-09-18 23:59:34', '2022-12-08 08:07:29'),
('joo', 'Pellentesque at nulla.', 'Sed ante. Vivamus tortor. Duis mattis egestas metus.', 'Craggy', 'Alida', '2023-01-29 10:24:39', '2023-01-26 20:20:34'),
('joo', 'In hac habitasse platea dictumst.', 'Aliquam quis turpis eget elit sodales scelerisque. Mauris sit amet eros. Suspendisse accumsan tortor quis turpis.', 'Giacinta', 'Leonid', '2023-01-24 17:23:43', '2023-03-02 15:55:10'),
('joo', 'Morbi vestibulum, velit id pretium iaculis, diam erat fermentum justo, nec condimentum neque sapien placerat ante.', 'In quis justo. Maecenas rhoncus aliquam lacus. Morbi quis tortor id nulla ultrices aliquet.', 'Desi', 'Carmencita', '2023-05-12 13:11:36', '2023-05-24 12:15:42'),
('joo', 'In blandit ultrices enim.', 'Maecenas ut massa quis augue luctus tincidunt. Nulla mollis molestie lorem. Quisque ut erat.', 'Elia', 'Laural', '2022-08-25 14:58:04', '2023-01-20 18:39:46'),
('a', 'Curabitur gravida nisi at nibh.', 'Integer tincidunt ante vel ipsum. Praesent blandit lacinia erat. Vestibulum sed magna at nunc commodo placerat.', 'Staci', 'Dedie', '2022-10-02 15:07:00', '2023-03-28 07:23:58'),
('joo', 'Pellentesque ultrices mattis odio.', 'Quisque id justo sit amet sapien dignissim vestibulum. Vestibulum ante ipsum primis in faucibus orci luctus et ultrices posuere cubilia Curae; Nulla dapibus dolor vel est. Donec odio justo, sollicitudin ut, suscipit a, feugiat et, eros.', 'Cecily', 'Kitty', '2022-07-12 09:30:54', '2023-02-17 15:37:34'),
('a', 'Quisque id justo sit amet sapien dignissim vestibulum.', 'Quisque id justo sit amet sapien dignissim vestibulum. Vestibulum ante ipsum primis in faucibus orci luctus et ultrices posuere cubilia Curae; Nulla dapibus dolor vel est. Donec odio justo, sollicitudin ut, suscipit a, feugiat et, eros.', 'Nadine', 'Nessa', '2023-03-23 13:32:43', '2022-12-12 16:31:35'),
('joo', 'Aenean lectus.', 'In hac habitasse platea dictumst. Morbi vestibulum, velit id pretium iaculis, diam erat fermentum justo, nec condimentum neque sapien placerat ante. Nulla justo.', 'Janaye', 'Dallon', '2023-03-10 00:42:36', '2022-09-19 14:03:55'),
('a', 'Morbi odio odio, elementum eu, interdum eu, tincidunt in, leo.', 'Etiam vel augue. Vestibulum rutrum rutrum neque. Aenean auctor gravida sem.', 'Alyce', 'Irwin', '2022-11-04 14:50:46', '2022-08-30 21:37:31'),
('joo', 'Nam congue, risus semper porta volutpat, quam pede lobortis ligula, sit amet eleifend pede libero quis orci.', 'Donec diam neque, vestibulum eget, vulputate ut, ultrices vel, augue. Vestibulum ante ipsum primis in faucibus orci luctus et ultrices posuere cubilia Curae; Donec pharetra, magna vestibulum aliquet ultrices, erat tortor sollicitudin mi, sit amet lobortis sapien sapien non mi. Integer ac neque.', 'Lorianna', 'Carlyle', '2022-12-19 09:59:31', '2023-05-14 16:47:17'),
('joo', 'Sed ante.', 'Nulla ut erat id mauris vulputate elementum. Nullam varius. Nulla facilisi.', 'Lyman', 'Margalit', '2022-11-01 11:48:43', '2023-04-08 10:44:20'),
('joo', 'Mauris ullamcorper purus sit amet nulla.', 'Duis bibendum, felis sed interdum venenatis, turpis enim blandit mi, in porttitor pede justo eu massa. Donec dapibus. Duis at velit eu est congue elementum.', 'Kacy', 'Dolores', '2023-04-27 20:29:42', '2022-12-11 00:50:30'),
('a', 'Suspendisse potenti.', 'Aenean lectus. Pellentesque eget nunc. Donec quis orci eget orci vehicula condimentum.', 'Brenn', 'Edwina', '2022-08-29 13:58:49', '2023-01-19 19:06:55'),
('a', 'Praesent id massa id nisl venenatis lacinia.', 'Aenean lectus. Pellentesque eget nunc. Donec quis orci eget orci vehicula condimentum.', 'Oran', 'Elita', '2023-06-11 13:26:17', '2022-08-01 11:12:17'),
('a', 'Nulla neque libero, convallis eget, eleifend luctus, ultricies eu, nibh.', 'Sed ante. Vivamus tortor. Duis mattis egestas metus.', 'Constantine', 'Alysia', '2022-08-19 02:28:26', '2023-05-11 18:55:26'),
('a', 'Fusce posuere felis sed lacus.', 'Quisque id justo sit amet sapien dignissim vestibulum. Vestibulum ante ipsum primis in faucibus orci luctus et ultrices posuere cubilia Curae; Nulla dapibus dolor vel est. Donec odio justo, sollicitudin ut, suscipit a, feugiat et, eros.', 'Jordan', 'Josephina', '2023-06-30 18:58:37', '2022-10-30 17:50:05'),
('a', 'Mauris lacinia sapien quis libero.', 'Sed sagittis. Nam congue, risus semper porta volutpat, quam pede lobortis ligula, sit amet eleifend pede libero quis orci. Nullam molestie nibh in lectus.', 'Jemmy', 'Sallyanne', '2023-02-27 00:26:10', '2023-04-27 02:43:23'),
('joo', 'Quisque id justo sit amet sapien dignissim vestibulum.', 'In quis justo. Maecenas rhoncus aliquam lacus. Morbi quis tortor id nulla ultrices aliquet.', 'Yanaton', 'Desi', '2022-08-26 01:14:19', '2022-10-31 03:15:19'),
('a', 'Donec ut dolor.', 'Aliquam quis turpis eget elit sodales scelerisque. Mauris sit amet eros. Suspendisse accumsan tortor quis turpis.', 'Ashleigh', 'Tod', '2022-11-09 12:13:17', '2023-03-21 13:53:18'),
('a', 'Nam dui.', 'Fusce consequat. Nulla nisl. Nunc nisl.', 'Jaye', 'Estevan', '2023-06-07 00:59:18', '2023-04-22 08:48:42'),
('a', 'Nam nulla.', 'Fusce consequat. Nulla nisl. Nunc nisl.', 'Neale', 'Travers', '2022-12-13 05:40:47', '2022-12-27 13:37:05'),
('joo', 'Aliquam sit amet diam in magna bibendum imperdiet.', 'Duis bibendum. Morbi non quam nec dui luctus rutrum. Nulla tellus.', 'Neala', 'Casandra', '2022-08-09 12:21:46', '2022-08-17 02:52:46'),
('a', 'Morbi quis tortor id nulla ultrices aliquet.', 'Nullam porttitor lacus at turpis. Donec posuere metus vitae ipsum. Aliquam non mauris.', 'Casey', 'Stirling', '2023-06-05 08:07:29', '2022-10-05 23:41:36'),
('a', 'Quisque arcu libero, rutrum ac, lobortis vel, dapibus at, diam.', 'Phasellus in felis. Donec semper sapien a libero. Nam dui.', 'Lorraine', 'Gawain', '2023-02-06 21:42:59', '2023-01-05 16:46:09'),
('a', 'Morbi non quam nec dui luctus rutrum.', 'Cum sociis natoque penatibus et magnis dis parturient montes, nascetur ridiculus mus. Vivamus vestibulum sagittis sapien. Cum sociis natoque penatibus et magnis dis parturient montes, nascetur ridiculus mus.', 'Tyler', 'Dyann', '2022-09-27 06:21:28', '2023-02-03 01:19:15'),
('joo', 'Donec posuere metus vitae ipsum.', 'Maecenas ut massa quis augue luctus tincidunt. Nulla mollis molestie lorem. Quisque ut erat.', 'Marlane', 'Kaile', '2023-01-29 09:44:56', '2022-12-31 14:32:11'),
('a', 'Vestibulum ante ipsum primis in faucibus orci luctus et ultrices posuere cubilia Curae; Mauris viverra diam vitae quam.', 'Etiam vel augue. Vestibulum rutrum rutrum neque. Aenean auctor gravida sem.', 'Charles', 'Willie', '2023-04-16 22:47:40', '2022-09-14 23:06:12'),
('a', 'Integer ac neque.', 'Duis consequat dui nec nisi volutpat eleifend. Donec ut dolor. Morbi vel lectus in quam fringilla rhoncus.', 'Caryl', 'Jethro', '2023-02-04 17:56:19', '2022-07-12 10:49:12'),
('a', 'Nulla suscipit ligula in lacus.', 'Pellentesque at nulla. Suspendisse potenti. Cras in purus eu magna vulputate luctus.', 'Eugenie', 'Gwynne', '2022-10-25 06:57:58', '2022-11-23 15:13:47'),
('a', 'Pellentesque ultrices mattis odio.', 'Cum sociis natoque penatibus et magnis dis parturient montes, nascetur ridiculus mus. Vivamus vestibulum sagittis sapien. Cum sociis natoque penatibus et magnis dis parturient montes, nascetur ridiculus mus.', 'Maxie', 'Emory', '2023-05-24 09:28:36', '2023-02-15 16:45:42'),
('a', 'Sed vel enim sit amet nunc viverra dapibus.', 'Duis aliquam convallis nunc. Proin at turpis a pede posuere nonummy. Integer non velit.', 'Gabriell', 'Kiley', '2023-03-19 15:43:48', '2022-12-17 10:13:52'),
('joo', 'Mauris ullamcorper purus sit amet nulla.', 'Praesent id massa id nisl venenatis lacinia. Aenean sit amet justo. Morbi ut odio.', 'Helga', 'Sheila-kathryn', '2023-06-02 10:08:35', '2023-04-30 23:37:42'),
('joo', 'Nam tristique tortor eu pede.', 'Curabitur at ipsum ac tellus semper interdum. Mauris ullamcorper purus sit amet nulla. Quisque arcu libero, rutrum ac, lobortis vel, dapibus at, diam.', 'Sianna', 'Raymond', '2022-11-22 00:13:14', '2022-07-19 05:07:23'),
('a', 'Integer pede justo, lacinia eget, tincidunt eget, tempus vel, pede.', 'Cras mi pede, malesuada in, imperdiet et, commodo vulputate, justo. In blandit ultrices enim. Lorem ipsum dolor sit amet, consectetuer adipiscing elit.', 'Brannon', 'Carmine', '2022-11-12 18:29:56', '2023-05-16 00:23:34'),
('joo', 'In hac habitasse platea dictumst.', 'Duis aliquam convallis nunc. Proin at turpis a pede posuere nonummy. Integer non velit.', 'Arlene', 'Dominica', '2023-06-21 11:05:24', '2022-11-01 21:11:04'),
('joo', 'Aliquam quis turpis eget elit sodales scelerisque.', 'Aliquam quis turpis eget elit sodales scelerisque. Mauris sit amet eros. Suspendisse accumsan tortor quis turpis.', 'Buiron', 'Britteny', '2023-05-14 01:18:30', '2023-02-06 03:56:24'),
('a', 'Mauris enim leo, rhoncus sed, vestibulum sit amet, cursus id, turpis.', 'Maecenas tristique, est et tempus semper, est quam pharetra magna, ac consequat metus sapien ut nunc. Vestibulum ante ipsum primis in faucibus orci luctus et ultrices posuere cubilia Curae; Mauris viverra diam vitae quam. Suspendisse potenti.', 'Sandie', 'Daune', '2023-03-21 08:18:06', '2022-08-19 18:36:29'),
('joo', 'Nullam porttitor lacus at turpis.', 'Cum sociis natoque penatibus et magnis dis parturient montes, nascetur ridiculus mus. Vivamus vestibulum sagittis sapien. Cum sociis natoque penatibus et magnis dis parturient montes, nascetur ridiculus mus.', 'Darby', 'Gloriane', '2022-08-21 10:20:45', '2022-09-08 18:28:12'),
('joo', 'Quisque porta volutpat erat.', 'Sed sagittis. Nam congue, risus semper porta volutpat, quam pede lobortis ligula, sit amet eleifend pede libero quis orci. Nullam molestie nibh in lectus.', 'Alica', 'Pippo', '2022-09-21 08:32:31', '2023-01-03 07:46:48'),
('joo', 'Maecenas rhoncus aliquam lacus.', 'Fusce posuere felis sed lacus. Morbi sem mauris, laoreet ut, rhoncus aliquet, pulvinar sed, nisl. Nunc rhoncus dui vel sem.', 'Fenelia', 'Tedd', '2022-08-26 00:05:26', '2023-05-13 21:05:16'),
('joo', 'In sagittis dui vel nisl.', 'Vestibulum quam sapien, varius ut, blandit non, interdum in, ante. Vestibulum ante ipsum primis in faucibus orci luctus et ultrices posuere cubilia Curae; Duis faucibus accumsan odio. Curabitur convallis.', 'Jacinthe', 'Jed', '2023-02-11 00:39:13', '2023-05-26 23:16:14'),
('a', 'Aenean sit amet justo.', 'Curabitur at ipsum ac tellus semper interdum. Mauris ullamcorper purus sit amet nulla. Quisque arcu libero, rutrum ac, lobortis vel, dapibus at, diam.', 'Dag', 'Thane', '2022-08-15 00:36:42', '2023-02-09 12:55:49'),
('joo', 'Suspendisse potenti.', 'Nam ultrices, libero non mattis pulvinar, nulla pede ullamcorper augue, a suscipit nulla elit ac nulla. Sed vel enim sit amet nunc viverra dapibus. Nulla suscipit ligula in lacus.', 'Christabella', 'Ethel', '2023-04-21 08:35:21', '2023-07-03 00:16:41'),
('joo', 'Ut at dolor quis odio consequat varius.', 'Aenean fermentum. Donec ut mauris eget massa tempor convallis. Nulla neque libero, convallis eget, eleifend luctus, ultricies eu, nibh.', 'Worthy', 'Rog', '2023-06-05 23:24:51', '2023-04-14 18:42:08'),
('a', 'Nunc rhoncus dui vel sem.', 'Quisque id justo sit amet sapien dignissim vestibulum. Vestibulum ante ipsum primis in faucibus orci luctus et ultrices posuere cubilia Curae; Nulla dapibus dolor vel est. Donec odio justo, sollicitudin ut, suscipit a, feugiat et, eros.', 'Brenden', 'Margie', '2022-12-10 21:16:04', '2022-11-02 21:30:20'),
('a', 'Duis ac nibh.', 'Pellentesque at nulla. Suspendisse potenti. Cras in purus eu magna vulputate luctus.', 'Velma', 'Fleurette', '2022-08-12 23:56:54', '2023-01-19 12:40:11'),
('joo', 'Nunc purus.', 'In hac habitasse platea dictumst. Morbi vestibulum, velit id pretium iaculis, diam erat fermentum justo, nec condimentum neque sapien placerat ante. Nulla justo.', 'Sibylla', 'Lillis', '2023-03-31 14:32:01', '2023-06-30 00:07:05'),
('a', 'Suspendisse potenti.', 'Proin interdum mauris non ligula pellentesque ultrices. Phasellus id sapien in sapien iaculis congue. Vivamus metus arcu, adipiscing molestie, hendrerit at, vulputate vitae, nisl.', 'Yanaton', 'Alanson', '2022-11-05 22:19:55', '2022-09-12 11:15:52'),
('joo', 'Lorem ipsum dolor sit amet, consectetuer adipiscing elit.', 'Quisque id justo sit amet sapien dignissim vestibulum. Vestibulum ante ipsum primis in faucibus orci luctus et ultrices posuere cubilia Curae; Nulla dapibus dolor vel est. Donec odio justo, sollicitudin ut, suscipit a, feugiat et, eros.', 'Edee', 'Jazmin', '2023-01-06 17:45:09', '2022-09-20 01:43:27'),
('joo', 'Fusce posuere felis sed lacus.', 'Aliquam quis turpis eget elit sodales scelerisque. Mauris sit amet eros. Suspendisse accumsan tortor quis turpis.', 'Richie', 'Hatty', '2022-08-12 09:33:53', '2022-09-13 17:13:44'),
('joo', 'Morbi vel lectus in quam fringilla rhoncus.', 'In hac habitasse platea dictumst. Etiam faucibus cursus urna. Ut tellus.', 'Elaine', 'Shana', '2022-10-02 22:56:57', '2023-06-20 02:11:49'),
('joo', 'Integer a nibh.', 'Praesent blandit. Nam nulla. Integer pede justo, lacinia eget, tincidunt eget, tempus vel, pede.', 'Uta', 'Garwin', '2022-11-07 16:39:26', '2022-12-13 22:07:29'),
('joo', 'Vivamus in felis eu sapien cursus vestibulum.', 'Proin interdum mauris non ligula pellentesque ultrices. Phasellus id sapien in sapien iaculis congue. Vivamus metus arcu, adipiscing molestie, hendrerit at, vulputate vitae, nisl.', 'Zedekiah', 'Anne', '2023-02-19 08:04:40', '2022-12-24 11:54:21'),
('a', 'Nulla neque libero, convallis eget, eleifend luctus, ultricies eu, nibh.', 'In sagittis dui vel nisl. Duis ac nibh. Fusce lacus purus, aliquet at, feugiat non, pretium quis, lectus.', 'Tadio', 'Lynea', '2023-01-27 04:21:38', '2022-12-11 00:26:22'),
('joo', 'Maecenas pulvinar lobortis est.', 'Morbi non lectus. Aliquam sit amet diam in magna bibendum imperdiet. Nullam orci pede, venenatis non, sodales sed, tincidunt eu, felis.', 'Brianna', 'Sherrie', '2023-03-06 12:21:55', '2022-10-25 19:09:56'),
('joo', 'Integer non velit.', 'Sed sagittis. Nam congue, risus semper porta volutpat, quam pede lobortis ligula, sit amet eleifend pede libero quis orci. Nullam molestie nibh in lectus.', 'Siana', 'Lorrin', '2023-05-02 15:50:36', '2023-03-22 18:07:54'),
('a', 'Nulla justo.', 'Cras non velit nec nisi vulputate nonummy. Maecenas tincidunt lacus at velit. Vivamus vel nulla eget eros elementum pellentesque.', 'Brenn', 'Allister', '2022-09-01 12:16:28', '2023-05-21 18:16:44'),
('joo', 'Pellentesque viverra pede ac diam.', 'In quis justo. Maecenas rhoncus aliquam lacus. Morbi quis tortor id nulla ultrices aliquet.', 'Fredric', 'Stearn', '2023-04-27 22:08:15', '2023-04-19 00:02:10'),
('a', 'Nullam varius.', 'Cras mi pede, malesuada in, imperdiet et, commodo vulputate, justo. In blandit ultrices enim. Lorem ipsum dolor sit amet, consectetuer adipiscing elit.', 'Hunter', 'Jamaal', '2022-12-30 02:24:31', '2023-06-11 20:50:47'),
('joo', 'In hac habitasse platea dictumst.', 'Curabitur gravida nisi at nibh. In hac habitasse platea dictumst. Aliquam augue quam, sollicitudin vitae, consectetuer eget, rutrum at, lorem.', 'Maitilde', 'Beau', '2023-01-17 06:18:25', '2022-12-25 07:20:07'),
('joo', 'Morbi quis tortor id nulla ultrices aliquet.', 'Lorem ipsum dolor sit amet, consectetuer adipiscing elit. Proin risus. Praesent lectus.', 'Flori', 'Evangelin', '2022-11-17 16:29:50', '2023-01-11 11:03:21'),
('joo', 'Integer non velit.', 'Curabitur in libero ut massa volutpat convallis. Morbi odio odio, elementum eu, interdum eu, tincidunt in, leo. Maecenas pulvinar lobortis est.', 'Rosie', 'Lucie', '2023-02-04 17:54:33', '2022-11-02 20:08:31'),
('joo', 'Morbi non lectus.', 'Maecenas leo odio, condimentum id, luctus nec, molestie sed, justo. Pellentesque viverra pede ac diam. Cras pellentesque volutpat dui.', 'Mavra', 'Grace', '2023-01-12 23:50:11', '2023-01-10 18:56:30'),
('a', 'Nulla neque libero, convallis eget, eleifend luctus, ultricies eu, nibh.', 'Cras mi pede, malesuada in, imperdiet et, commodo vulputate, justo. In blandit ultrices enim. Lorem ipsum dolor sit amet, consectetuer adipiscing elit.', 'Avie', 'Hailee', '2022-12-23 19:51:25', '2023-06-18 07:19:00'),
('a', 'Cras mi pede, malesuada in, imperdiet et, commodo vulputate, justo.', 'Suspendisse potenti. In eleifend quam a odio. In hac habitasse platea dictumst.', 'Calli', 'Evelin', '2022-10-27 23:37:37', '2022-10-23 11:17:56'),
('joo', 'Suspendisse accumsan tortor quis turpis.', 'Aenean lectus. Pellentesque eget nunc. Donec quis orci eget orci vehicula condimentum.', 'Alexander', 'Pearce', '2023-05-20 09:57:19', '2023-06-21 15:00:40'),
('a', 'Proin at turpis a pede posuere nonummy.', 'Nullam sit amet turpis elementum ligula vehicula consequat. Morbi a ipsum. Integer a nibh.', 'Cornela', 'Towny', '2022-10-20 11:56:28', '2022-09-01 21:44:04'),
('joo', 'Phasellus in felis.', 'In congue. Etiam justo. Etiam pretium iaculis justo.', 'Garth', 'Marlin', '2022-08-01 13:13:04', '2022-10-29 14:41:29'),
('joo', 'Nunc nisl.', 'Maecenas leo odio, condimentum id, luctus nec, molestie sed, justo. Pellentesque viverra pede ac diam. Cras pellentesque volutpat dui.', 'Ora', 'Reese', '2023-06-06 11:44:40', '2022-09-26 21:25:37'),
('a', 'Nunc purus.', 'Fusce consequat. Nulla nisl. Nunc nisl.', 'Tilly', 'Doris', '2023-03-25 21:18:32', '2023-05-06 21:30:00');


--- 댓긇 300개
insert into article_comment (article_id, user_id, parent_comment_id, content, created_at, modified_at, created_by, modified_by) values
(69, 'joo', null, 'Quisque id justo sit amet sapien dignissim vestibulum. Vestibulum ante ipsum primis in faucibus orci luctus et ultrices posuere cubilia Curae; Nulla dapibus dolor vel est. Donec odio justo, sollicitudin ut, suscipit a, feugiat et, eros.', '2021-03-02 22:40:04', '2021-04-27 15:38:09', 'Lind', 'Orv'),
(108, 'joo', null, 'Quisque id justo sit amet sapien dignissim vestibulum. Vestibulum ante ipsum primis in faucibus orci luctus et ultrices posuere cubilia Curae; Nulla dapibus dolor vel est. Donec odio justo, sollicitudin ut, suscipit a, feugiat et, eros.', '2021-06-08 04:36:02', '2022-01-25 15:35:42', 'Trstram', 'Loy'),
(31, 'a', null, 'Nam ultrices, libero non mattis pulvinar, nulla pede ullamcorper augue, a suscipit nulla elit ac nulla. Sed vel enim sit amet nunc viverra dapibus. Nulla suscipit ligula in lacus.', '2021-04-10 00:47:10', '2021-02-06 20:58:04', 'Duff', 'Early'),
(120, 'a', null, 'Lorem ipsum dolor sit amet, consectetuer adipiscing elit. Proin risus. Praesent lectus.', '2021-08-21 08:39:39', '2021-11-17 22:47:35', 'Sydney', 'Boony'),
(123, 'a', null, 'Aliquam quis turpis eget elit sodales scelerisque. Mauris sit amet eros. Suspendisse accumsan tortor quis turpis.', '2021-06-17 10:57:29', '2021-05-13 12:28:47', 'Burk', 'Markus'),
(39, 'a', null, 'In sagittis dui vel nisl. Duis ac nibh. Fusce lacus purus, aliquet at, feugiat non, pretium quis, lectus.', '2022-01-15 11:37:12', '2021-02-19 17:42:22', 'Calvin', 'Garreth'),
(30, 'a', null, 'Nam ultrices, libero non mattis pulvinar, nulla pede ullamcorper augue, a suscipit nulla elit ac nulla. Sed vel enim sit amet nunc viverra dapibus. Nulla suscipit ligula in lacus.', '2021-11-23 18:29:30', '2021-03-09 00:57:27', 'Kain', 'Bruno'),
(57, 'a', null, 'Sed sagittis. Nam congue, risus semper porta volutpat, quam pede lobortis ligula, sit amet eleifend pede libero quis orci. Nullam molestie nibh in lectus.', '2021-03-19 18:39:02', '2021-03-16 17:47:17', 'Kippie', 'Alexio'),
(41, 'a', null, 'Aliquam quis turpis eget elit sodales scelerisque. Mauris sit amet eros. Suspendisse accumsan tortor quis turpis.', '2021-03-21 16:34:30', '2021-03-17 15:18:55', 'Frannie', 'Horacio'),
(100, 'a', null, 'Proin eu mi. Nulla ac enim. In tempor, turpis nec euismod scelerisque, quam turpis adipiscing lorem, vitae mattis nibh ligula nec sem.', '2021-02-24 16:53:08', '2021-05-09 06:00:58', 'Osborn', 'Pren'),
(48, 'a', null, 'Integer ac leo. Pellentesque ultrices mattis odio. Donec vitae nisi.', '2021-03-29 08:26:41', '2021-11-22 20:55:26', 'Dorie', 'Georgie'),
(122, 'a', null, 'In hac habitasse platea dictumst. Morbi vestibulum, velit id pretium iaculis, diam erat fermentum justo, nec condimentum neque sapien placerat ante. Nulla justo.', '2021-06-12 07:38:25', '2021-03-03 07:14:43', 'Obed', 'Chrissy'),
(87, 'a', null, 'Phasellus sit amet erat. Nulla tempus. Vivamus in felis eu sapien cursus vestibulum.', '2021-05-11 08:47:16', '2021-04-13 00:47:50', 'Reinhard', 'Robbert'),
(100, 'a', null, 'Nam ultrices, libero non mattis pulvinar, nulla pede ullamcorper augue, a suscipit nulla elit ac nulla. Sed vel enim sit amet nunc viverra dapibus. Nulla suscipit ligula in lacus.', '2022-01-18 23:33:51', '2022-01-14 12:38:23', 'Clim', 'Chester'),
(22, 'a', null, 'Fusce posuere felis sed lacus. Morbi sem mauris, laoreet ut, rhoncus aliquet, pulvinar sed, nisl. Nunc rhoncus dui vel sem.', '2021-09-18 10:27:37', '2021-09-29 20:31:09', 'Odie', 'Britt'),
(97, 'a', null, 'Praesent blandit. Nam nulla. Integer pede justo, lacinia eget, tincidunt eget, tempus vel, pede.', '2021-12-14 01:55:52', '2021-11-02 15:12:00', 'Ulises', 'Denney'),
(103, 'a', null, 'Fusce consequat. Nulla nisl. Nunc nisl.', '2021-04-03 11:44:04', '2022-01-05 21:01:34', 'Kendricks', 'Aubert'),
(25, 'a', null, 'Vestibulum ac est lacinia nisi venenatis tristique. Fusce congue, diam id ornare imperdiet, sapien urna pretium nisl, ut volutpat sapien arcu sed augue. Aliquam erat volutpat.', '2021-05-25 09:46:40', '2021-10-10 18:46:59', 'Dal', 'Maxy'),
(91, 'a', null, 'Phasellus in felis. Donec semper sapien a libero. Nam dui.', '2021-04-29 23:36:48', '2021-12-03 12:08:48', 'Vaclav', 'Patric'),
(18, 'a', null, 'Curabitur gravida nisi at nibh. In hac habitasse platea dictumst. Aliquam augue quam, sollicitudin vitae, consectetuer eget, rutrum at, lorem.', '2021-09-26 00:29:13', '2021-07-10 01:44:07', 'Carl', 'Riley'),
(89, 'a', null, 'Sed sagittis. Nam congue, risus semper porta volutpat, quam pede lobortis ligula, sit amet eleifend pede libero quis orci. Nullam molestie nibh in lectus.', '2021-12-11 05:07:10', '2021-05-31 15:26:03', 'Dex', 'Wallas'),
(107, 'a', null, 'Donec diam neque, vestibulum eget, vulputate ut, ultrices vel, augue. Vestibulum ante ipsum primis in faucibus orci luctus et ultrices posuere cubilia Curae; Donec pharetra, magna vestibulum aliquet ultrices, erat tortor sollicitudin mi, sit amet lobortis sapien sapien non mi. Integer ac neque.', '2021-10-31 11:33:44', '2021-03-04 15:19:35', 'Lutero', 'Hussein'),
(90, 'a', null, 'Proin leo odio, porttitor id, consequat in, consequat ut, nulla. Sed accumsan felis. Ut at dolor quis odio consequat varius.', '2021-08-17 14:52:58', '2021-11-24 16:28:01', 'Garvy', 'Gris'),
(121, 'a', null, 'Proin leo odio, porttitor id, consequat in, consequat ut, nulla. Sed accumsan felis. Ut at dolor quis odio consequat varius.', '2021-02-17 16:50:19', '2021-01-31 09:21:51', 'Shayne', 'Stafford'),
(91, 'a', null, 'Proin interdum mauris non ligula pellentesque ultrices. Phasellus id sapien in sapien iaculis congue. Vivamus metus arcu, adipiscing molestie, hendrerit at, vulputate vitae, nisl.', '2021-06-23 10:06:39', '2021-10-27 22:04:41', 'Haze', 'Giraldo'),
(32, 'a', null, 'Pellentesque at nulla. Suspendisse potenti. Cras in purus eu magna vulputate luctus.', '2021-10-21 19:41:56', '2021-03-12 02:47:38', 'Cobbie', 'Thornton'),
(47, 'a', null, 'Fusce consequat. Nulla nisl. Nunc nisl.', '2021-05-02 07:45:04', '2021-06-26 13:36:44', 'Humfried', 'Bram'),
(92, 'a', null, 'Curabitur in libero ut massa volutpat convallis. Morbi odio odio, elementum eu, interdum eu, tincidunt in, leo. Maecenas pulvinar lobortis est.', '2021-10-22 04:46:24', '2021-07-06 02:25:34', 'Luis', 'Chicky'),
(76, 'a', null, 'Nam ultrices, libero non mattis pulvinar, nulla pede ullamcorper augue, a suscipit nulla elit ac nulla. Sed vel enim sit amet nunc viverra dapibus. Nulla suscipit ligula in lacus.', '2021-12-30 18:39:24', '2021-10-13 03:58:46', 'Derwin', 'Zacherie'),
(31, 'a', null, 'Etiam vel augue. Vestibulum rutrum rutrum neque. Aenean auctor gravida sem.', '2021-11-07 02:25:31', '2021-11-30 11:15:34', 'Boris', 'Egbert'),
(29, 'a', null, 'Nullam porttitor lacus at turpis. Donec posuere metus vitae ipsum. Aliquam non mauris.', '2021-11-27 19:03:53', '2021-02-16 07:42:30', 'Gabriel', 'Gary'),
(115, 'a', null, 'Quisque id justo sit amet sapien dignissim vestibulum. Vestibulum ante ipsum primis in faucibus orci luctus et ultrices posuere cubilia Curae; Nulla dapibus dolor vel est. Donec odio justo, sollicitudin ut, suscipit a, feugiat et, eros.', '2021-12-30 17:50:07', '2021-10-13 11:06:50', 'Gilles', 'Derrek'),
(106, 'a', null, 'In hac habitasse platea dictumst. Etiam faucibus cursus urna. Ut tellus.', '2021-06-10 02:26:59', '2021-12-17 18:00:38', 'Jodie', 'Whitney'),
(5, 'a', null, 'Nullam porttitor lacus at turpis. Donec posuere metus vitae ipsum. Aliquam non mauris.', '2021-04-16 12:44:52', '2022-01-19 17:32:59', 'Palmer', 'Orton'),
(115, 'a', null, 'Sed sagittis. Nam congue, risus semper porta volutpat, quam pede lobortis ligula, sit amet eleifend pede libero quis orci. Nullam molestie nibh in lectus.', '2021-09-09 05:12:56', '2021-07-31 05:07:35', 'Mahmoud', 'Urson'),
(112, 'a', null, 'Vestibulum ac est lacinia nisi venenatis tristique. Fusce congue, diam id ornare imperdiet, sapien urna pretium nisl, ut volutpat sapien arcu sed augue. Aliquam erat volutpat.', '2021-01-31 06:52:27', '2021-02-07 17:19:58', 'Dunn', 'Monti'),
(119, 'a', null, 'Curabitur gravida nisi at nibh. In hac habitasse platea dictumst. Aliquam augue quam, sollicitudin vitae, consectetuer eget, rutrum at, lorem.', '2021-03-20 10:06:32', '2021-07-28 14:45:35', 'Franz', 'Tris'),
(66, 'a', null, 'Integer ac leo. Pellentesque ultrices mattis odio. Donec vitae nisi.', '2021-09-11 09:32:59', '2021-03-17 01:22:39', 'Tony', 'Ikey'),
(36, 'a', null, 'Aliquam quis turpis eget elit sodales scelerisque. Mauris sit amet eros. Suspendisse accumsan tortor quis turpis.', '2021-03-04 17:43:07', '2021-10-08 16:20:32', 'Rees', 'Hubey'),
(104, 'a', null, 'Nullam sit amet turpis elementum ligula vehicula consequat. Morbi a ipsum. Integer a nibh.', '2021-07-11 18:23:15', '2021-06-09 13:23:03', 'Hall', 'Rollie'),
(63, 'a', null, 'Cras mi pede, malesuada in, imperdiet et, commodo vulputate, justo. In blandit ultrices enim. Lorem ipsum dolor sit amet, consectetuer adipiscing elit.', '2021-06-26 18:57:48', '2021-06-30 23:24:08', 'Keir', 'Ky'),
(99, 'a', null, 'Donec diam neque, vestibulum eget, vulputate ut, ultrices vel, augue. Vestibulum ante ipsum primis in faucibus orci luctus et ultrices posuere cubilia Curae; Donec pharetra, magna vestibulum aliquet ultrices, erat tortor sollicitudin mi, sit amet lobortis sapien sapien non mi. Integer ac neque.', '2021-10-03 02:36:13', '2021-11-27 11:12:43', 'Georgi', 'Thane'),
(17, 'a', null, 'Vestibulum ac est lacinia nisi venenatis tristique. Fusce congue, diam id ornare imperdiet, sapien urna pretium nisl, ut volutpat sapien arcu sed augue. Aliquam erat volutpat.', '2021-07-19 19:04:40', '2021-06-30 19:59:12', 'Oliver', 'Jarrad'),
(33, 'a', null, 'Donec diam neque, vestibulum eget, vulputate ut, ultrices vel, augue. Vestibulum ante ipsum primis in faucibus orci luctus et ultrices posuere cubilia Curae; Donec pharetra, magna vestibulum aliquet ultrices, erat tortor sollicitudin mi, sit amet lobortis sapien sapien non mi. Integer ac neque.', '2021-03-19 04:18:04', '2021-11-28 06:15:06', 'Elvin', 'Sunny'),
(102, 'a', null, 'Duis bibendum. Morbi non quam nec dui luctus rutrum. Nulla tellus.', '2021-11-28 18:39:57', '2021-06-24 11:01:37', 'Fax', 'Jayme'),
(28, 'a', null, 'In sagittis dui vel nisl. Duis ac nibh. Fusce lacus purus, aliquet at, feugiat non, pretium quis, lectus.', '2021-08-03 06:01:12', '2021-03-12 08:58:02', 'Eldon', 'Emory'),
(37, 'a', null, 'Phasellus sit amet erat. Nulla tempus. Vivamus in felis eu sapien cursus vestibulum.', '2021-05-31 02:48:41', '2021-10-21 23:00:17', 'Northrup', 'Bart'),
(75, 'a', null, 'Cras mi pede, malesuada in, imperdiet et, commodo vulputate, justo. In blandit ultrices enim. Lorem ipsum dolor sit amet, consectetuer adipiscing elit.', '2021-03-11 21:47:46', '2021-04-19 14:10:05', 'Timmie', 'Roma'),
(70, 'a', null, 'In sagittis dui vel nisl. Duis ac nibh. Fusce lacus purus, aliquet at, feugiat non, pretium quis, lectus.', '2021-10-30 16:41:56', '2021-09-06 14:43:59', 'Maximo', 'Eziechiele'),
(53, 'a', null, 'Quisque id justo sit amet sapien dignissim vestibulum. Vestibulum ante ipsum primis in faucibus orci luctus et ultrices posuere cubilia Curae; Nulla dapibus dolor vel est. Donec odio justo, sollicitudin ut, suscipit a, feugiat et, eros.', '2021-06-09 22:28:41', '2022-01-20 12:47:05', 'Myrvyn', 'Faulkner'),
(33, 'a', null, 'Aenean fermentum. Donec ut mauris eget massa tempor convallis. Nulla neque libero, convallis eget, eleifend luctus, ultricies eu, nibh.', '2021-11-18 08:10:04', '2021-10-15 12:18:35', 'Milty', 'Gordie'),
(41, 'a', null, 'Fusce posuere felis sed lacus. Morbi sem mauris, laoreet ut, rhoncus aliquet, pulvinar sed, nisl. Nunc rhoncus dui vel sem.', '2021-05-05 07:39:10', '2021-03-17 04:48:00', 'Guillaume', 'Holt'),
(103, 'a', null, 'Mauris enim leo, rhoncus sed, vestibulum sit amet, cursus id, turpis. Integer aliquet, massa id lobortis convallis, tortor risus dapibus augue, vel accumsan tellus nisi eu orci. Mauris lacinia sapien quis libero.', '2021-07-16 03:33:44', '2021-12-27 03:33:26', 'Cyrille', 'Ruprecht'),
(7, 'a', null, 'Praesent id massa id nisl venenatis lacinia. Aenean sit amet justo. Morbi ut odio.', '2022-01-04 16:06:48', '2021-06-11 14:41:17', 'Jervis', 'Base'),
(26, 'a', null, 'Aliquam quis turpis eget elit sodales scelerisque. Mauris sit amet eros. Suspendisse accumsan tortor quis turpis.', '2022-01-09 16:07:10', '2021-07-25 22:44:28', 'Nikolos', 'Stanly'),
(8, 'a', null, 'Integer ac leo. Pellentesque ultrices mattis odio. Donec vitae nisi.', '2021-02-14 01:02:43', '2022-01-10 03:11:26', 'Stefano', 'Hillel'),
(58, 'a', null, 'Morbi porttitor lorem id ligula. Suspendisse ornare consequat lectus. In est risus, auctor sed, tristique in, tempus sit amet, sem.', '2021-02-27 03:57:38', '2021-10-16 02:36:54', 'Flinn', 'Pembroke'),
(87, 'a', null, 'Duis bibendum. Morbi non quam nec dui luctus rutrum. Nulla tellus.', '2021-06-17 04:52:04', '2021-09-29 05:08:41', 'Tome', 'Nat'),
(11, 'a', null, 'Proin leo odio, porttitor id, consequat in, consequat ut, nulla. Sed accumsan felis. Ut at dolor quis odio consequat varius.', '2021-06-20 03:31:09', '2021-08-09 08:07:50', 'Garrick', 'Bailey'),
(103, 'a', null, 'Sed ante. Vivamus tortor. Duis mattis egestas metus.', '2022-01-15 03:35:49', '2021-08-19 05:46:11', 'Fonz', 'Mohandas'),
(119, 'a', null, 'Quisque id justo sit amet sapien dignissim vestibulum. Vestibulum ante ipsum primis in faucibus orci luctus et ultrices posuere cubilia Curae; Nulla dapibus dolor vel est. Donec odio justo, sollicitudin ut, suscipit a, feugiat et, eros.', '2021-10-19 22:27:28', '2021-03-18 00:32:07', 'Swen', 'My'),
(33, 'a', null, 'Cras mi pede, malesuada in, imperdiet et, commodo vulputate, justo. In blandit ultrices enim. Lorem ipsum dolor sit amet, consectetuer adipiscing elit.', '2022-01-23 21:02:14', '2021-07-22 18:04:02', 'Klement', 'Giordano'),
(118, 'a', null, 'Maecenas tristique, est et tempus semper, est quam pharetra magna, ac consequat metus sapien ut nunc. Vestibulum ante ipsum primis in faucibus orci luctus et ultrices posuere cubilia Curae; Mauris viverra diam vitae quam. Suspendisse potenti.', '2021-12-25 15:45:04', '2021-07-25 01:53:41', 'Alister', 'Gavan'),
(87, 'a', null, 'Mauris enim leo, rhoncus sed, vestibulum sit amet, cursus id, turpis. Integer aliquet, massa id lobortis convallis, tortor risus dapibus augue, vel accumsan tellus nisi eu orci. Mauris lacinia sapien quis libero.', '2021-03-13 11:05:05', '2021-04-24 11:01:30', 'Scotty', 'Pascal'),
(95, 'a', null, 'Proin interdum mauris non ligula pellentesque ultrices. Phasellus id sapien in sapien iaculis congue. Vivamus metus arcu, adipiscing molestie, hendrerit at, vulputate vitae, nisl.', '2021-08-21 20:13:53', '2021-05-28 10:09:16', 'Clevey', 'Bailey'),
(48, 'a', null, 'Etiam vel augue. Vestibulum rutrum rutrum neque. Aenean auctor gravida sem.', '2021-12-28 19:03:27', '2021-07-19 05:47:56', 'Grantham', 'Hadrian'),
(27, 'a', null, 'Integer ac leo. Pellentesque ultrices mattis odio. Donec vitae nisi.', '2021-09-08 06:14:44', '2021-03-08 01:09:46', 'Gardner', 'Zolly'),
(93, 'a', null, 'Nullam sit amet turpis elementum ligula vehicula consequat. Morbi a ipsum. Integer a nibh.', '2021-11-17 23:36:20', '2021-04-14 08:16:21', 'Jerome', 'Dev'),
(11, 'a', null, 'Fusce posuere felis sed lacus. Morbi sem mauris, laoreet ut, rhoncus aliquet, pulvinar sed, nisl. Nunc rhoncus dui vel sem.', '2021-06-13 21:19:56', '2021-10-29 10:51:51', 'Lincoln', 'Erwin'),
(68, 'a', null, 'In congue. Etiam justo. Etiam pretium iaculis justo.', '2021-08-30 18:51:16', '2021-04-04 13:02:51', 'Sky', 'Lindon'),
(103, 'a', null, 'Vestibulum quam sapien, varius ut, blandit non, interdum in, ante. Vestibulum ante ipsum primis in faucibus orci luctus et ultrices posuere cubilia Curae; Duis faucibus accumsan odio. Curabitur convallis.', '2021-05-25 13:40:27', '2021-07-08 18:29:16', 'Bary', 'Arri'),
(109, 'a', null, 'Sed sagittis. Nam congue, risus semper porta volutpat, quam pede lobortis ligula, sit amet eleifend pede libero quis orci. Nullam molestie nibh in lectus.', '2021-06-13 00:58:44', '2021-11-02 14:32:58', 'Rafael', 'Ivor'),
(86, 'a', null, 'In hac habitasse platea dictumst. Etiam faucibus cursus urna. Ut tellus.', '2022-01-25 01:28:11', '2021-04-17 01:10:19', 'Mathe', 'Mattie'),
(70, 'a', null, 'Maecenas leo odio, condimentum id, luctus nec, molestie sed, justo. Pellentesque viverra pede ac diam. Cras pellentesque volutpat dui.', '2021-04-12 21:18:27', '2021-07-01 12:03:21', 'Geoffrey', 'Tadeo'),
(37, 'a', null, 'Fusce consequat. Nulla nisl. Nunc nisl.', '2021-06-21 12:34:50', '2021-03-09 11:05:09', 'Powell', 'Winifield'),
(82, 'a', null, 'Etiam vel augue. Vestibulum rutrum rutrum neque. Aenean auctor gravida sem.', '2021-10-31 08:16:23', '2021-03-23 18:55:47', 'Winifield', 'Rolando'),
(69, 'a', null, 'Sed ante. Vivamus tortor. Duis mattis egestas metus.', '2021-03-29 13:14:38', '2021-03-23 01:58:27', 'Giordano', 'Averell'),
(23, 'a', null, 'Curabitur gravida nisi at nibh. In hac habitasse platea dictumst. Aliquam augue quam, sollicitudin vitae, consectetuer eget, rutrum at, lorem.', '2021-05-20 07:38:20', '2021-08-05 13:35:48', 'Lammond', 'Martie'),
(53, 'a', null, 'Sed sagittis. Nam congue, risus semper porta volutpat, quam pede lobortis ligula, sit amet eleifend pede libero quis orci. Nullam molestie nibh in lectus.', '2021-02-02 22:43:50', '2021-03-21 01:18:12', 'Tades', 'Jedidiah'),
(21, 'a', null, 'In congue. Etiam justo. Etiam pretium iaculis justo.', '2021-05-29 06:29:02', '2021-10-13 02:23:19', 'Germayne', 'Jermayne'),
(94, 'a', null, 'Donec diam neque, vestibulum eget, vulputate ut, ultrices vel, augue. Vestibulum ante ipsum primis in faucibus orci luctus et ultrices posuere cubilia Curae; Donec pharetra, magna vestibulum aliquet ultrices, erat tortor sollicitudin mi, sit amet lobortis sapien sapien non mi. Integer ac neque.', '2021-06-02 12:21:13', '2021-09-03 15:17:13', 'Gregory', 'Woodrow'),
(9, 'a', null, 'Sed ante. Vivamus tortor. Duis mattis egestas metus.', '2021-06-07 05:33:53', '2021-04-26 03:00:50', 'Theodore', 'Godwin'),
(74, 'a', null, 'Proin interdum mauris non ligula pellentesque ultrices. Phasellus id sapien in sapien iaculis congue. Vivamus metus arcu, adipiscing molestie, hendrerit at, vulputate vitae, nisl.', '2021-11-22 01:27:42', '2021-12-07 13:24:52', 'Richy', 'Garvin'),
(93, 'a', null, 'Suspendisse potenti. In eleifend quam a odio. In hac habitasse platea dictumst.', '2021-11-29 14:10:08', '2021-12-21 15:41:28', 'Skipp', 'Broderick'),
(66, 'a', null, 'Nulla ut erat id mauris vulputate elementum. Nullam varius. Nulla facilisi.', '2021-07-18 13:45:38', '2021-09-07 10:37:11', 'Kaine', 'Rooney'),
(46, 'a', null, 'Nullam sit amet turpis elementum ligula vehicula consequat. Morbi a ipsum. Integer a nibh.', '2021-09-08 17:42:59', '2021-08-28 15:12:30', 'Humfrid', 'Steffen'),
(26, 'a', null, 'Lorem ipsum dolor sit amet, consectetuer adipiscing elit. Proin risus. Praesent lectus.', '2022-01-22 19:23:45', '2021-04-19 07:53:02', 'Jamie', 'Reinaldos'),
(2, 'a', null, 'Nullam porttitor lacus at turpis. Donec posuere metus vitae ipsum. Aliquam non mauris.', '2021-02-23 17:42:56', '2021-10-09 08:03:13', 'Glynn', 'Truman'),
(15, 'a', null, 'Fusce posuere felis sed lacus. Morbi sem mauris, laoreet ut, rhoncus aliquet, pulvinar sed, nisl. Nunc rhoncus dui vel sem.', '2021-10-12 14:19:16', '2021-09-11 22:13:27', 'Maddy', 'Tynan'),
(96, 'a', null, 'Curabitur at ipsum ac tellus semper interdum. Mauris ullamcorper purus sit amet nulla. Quisque arcu libero, rutrum ac, lobortis vel, dapibus at, diam.', '2021-12-27 11:42:15', '2022-01-19 14:11:02', 'Merill', 'Kermit'),
(118, 'a', null, 'In sagittis dui vel nisl. Duis ac nibh. Fusce lacus purus, aliquet at, feugiat non, pretium quis, lectus.', '2021-07-30 23:57:48', '2021-11-13 11:45:31', 'Llewellyn', 'Welch'),
(118, 'a', null, 'Cras non velit nec nisi vulputate nonummy. Maecenas tincidunt lacus at velit. Vivamus vel nulla eget eros elementum pellentesque.', '2021-07-21 15:39:09', '2021-10-24 12:13:07', 'Augustine', 'Cash'),
(82, 'a', null, 'Maecenas tristique, est et tempus semper, est quam pharetra magna, ac consequat metus sapien ut nunc. Vestibulum ante ipsum primis in faucibus orci luctus et ultrices posuere cubilia Curae; Mauris viverra diam vitae quam. Suspendisse potenti.', '2021-04-10 22:46:57', '2021-10-07 06:49:09', 'Jermain', 'Felice'),
(17, 'a', null, 'Proin interdum mauris non ligula pellentesque ultrices. Phasellus id sapien in sapien iaculis congue. Vivamus metus arcu, adipiscing molestie, hendrerit at, vulputate vitae, nisl.', '2021-02-10 12:15:50', '2021-02-08 21:36:20', 'Ned', 'Marlow'),
(118, 'a', null, 'Maecenas leo odio, condimentum id, luctus nec, molestie sed, justo. Pellentesque viverra pede ac diam. Cras pellentesque volutpat dui.', '2021-04-28 19:26:22', '2021-04-01 16:32:22', 'Griswold', 'Brion'),
(37, 'a', null, 'Donec diam neque, vestibulum eget, vulputate ut, ultrices vel, augue. Vestibulum ante ipsum primis in faucibus orci luctus et ultrices posuere cubilia Curae; Donec pharetra, magna vestibulum aliquet ultrices, erat tortor sollicitudin mi, sit amet lobortis sapien sapien non mi. Integer ac neque.', '2021-04-23 15:49:37', '2021-12-14 18:20:38', 'Lemuel', 'Karel'),
(60, 'a', null, 'Nullam sit amet turpis elementum ligula vehicula consequat. Morbi a ipsum. Integer a nibh.', '2021-08-14 16:26:15', '2021-07-05 14:35:38', 'Yance', 'Henderson'),
(114, 'a', null, 'Quisque porta volutpat erat. Quisque erat eros, viverra eget, congue eget, semper rutrum, nulla. Nunc purus.', '2021-05-20 19:07:27', '2022-01-26 17:02:57', 'Munroe', 'Olvan'),
(20, 'a', null, 'Praesent blandit. Nam nulla. Integer pede justo, lacinia eget, tincidunt eget, tempus vel, pede.', '2021-08-30 20:30:28', '2021-09-11 10:18:50', 'Salim', 'Keene'),
(51, 'a', null, 'In hac habitasse platea dictumst. Morbi vestibulum, velit id pretium iaculis, diam erat fermentum justo, nec condimentum neque sapien placerat ante. Nulla justo.', '2021-03-08 12:55:54', '2021-07-12 23:56:12', 'Rustie', 'Lorne'),
(50, 'a', null, 'In hac habitasse platea dictumst. Morbi vestibulum, velit id pretium iaculis, diam erat fermentum justo, nec condimentum neque sapien placerat ante. Nulla justo.', '2021-10-13 17:57:44', '2021-05-10 21:31:48', 'Lorry', 'Alex'),
(43, 'a', null, 'Nam ultrices, libero non mattis pulvinar, nulla pede ullamcorper augue, a suscipit nulla elit ac nulla. Sed vel enim sit amet nunc viverra dapibus. Nulla suscipit ligula in lacus.', '2021-04-02 01:37:13', '2021-09-16 05:24:04', 'Leonidas', 'Fulton'),
(115, 'a', null, 'Lorem ipsum dolor sit amet, consectetuer adipiscing elit. Proin risus. Praesent lectus.', '2021-11-11 04:39:17', '2021-11-03 15:21:42', 'Marietta', 'Brnaba'),
(97, 'a', null, 'Proin interdum mauris non ligula pellentesque ultrices. Phasellus id sapien in sapien iaculis congue. Vivamus metus arcu, adipiscing molestie, hendrerit at, vulputate vitae, nisl.', '2021-01-31 06:45:18', '2021-03-10 22:17:41', 'Obie', 'Allard'),
(8, 'a', null, 'Cum sociis natoque penatibus et magnis dis parturient montes, nascetur ridiculus mus. Vivamus vestibulum sagittis sapien. Cum sociis natoque penatibus et magnis dis parturient montes, nascetur ridiculus mus.', '2021-08-25 23:41:07', '2021-04-19 09:14:12', 'Dru', 'Osborn'),
(11, 'a', null, 'In hac habitasse platea dictumst. Etiam faucibus cursus urna. Ut tellus.', '2021-11-28 19:55:06', '2021-09-22 19:59:06', 'Iain', 'Job'),
(43, 'a', null, 'Proin interdum mauris non ligula pellentesque ultrices. Phasellus id sapien in sapien iaculis congue. Vivamus metus arcu, adipiscing molestie, hendrerit at, vulputate vitae, nisl.', '2021-09-29 14:30:08', '2021-04-05 17:41:49', 'Rikki', 'Hymie'),
(31, 'a', null, 'Duis aliquam convallis nunc. Proin at turpis a pede posuere nonummy. Integer non velit.', '2021-10-05 20:08:45', '2021-10-31 14:59:42', 'Em', 'Aldric'),
(88, 'a', null, 'Aliquam quis turpis eget elit sodales scelerisque. Mauris sit amet eros. Suspendisse accumsan tortor quis turpis.', '2021-03-27 00:02:27', '2021-12-17 06:02:34', 'Burty', 'Martainn'),
(56, 'a', null, 'Morbi porttitor lorem id ligula. Suspendisse ornare consequat lectus. In est risus, auctor sed, tristique in, tempus sit amet, sem.', '2021-12-22 12:41:15', '2021-04-14 03:12:08', 'Garvin', 'Esra'),
(9, 'a', null, 'Fusce consequat. Nulla nisl. Nunc nisl.', '2021-05-29 13:08:55', '2021-08-01 08:38:29', 'Siward', 'Garey'),
(31, 'a', null, 'Vestibulum ac est lacinia nisi venenatis tristique. Fusce congue, diam id ornare imperdiet, sapien urna pretium nisl, ut volutpat sapien arcu sed augue. Aliquam erat volutpat.', '2021-12-15 19:49:25', '2022-01-27 19:49:47', 'Fran', 'Cece'),
(1, 'a', null, 'Proin eu mi. Nulla ac enim. In tempor, turpis nec euismod scelerisque, quam turpis adipiscing lorem, vitae mattis nibh ligula nec sem.', '2021-03-02 11:57:54', '2021-05-09 12:36:08', 'Torry', 'Rolando'),
(110, 'a', null, 'In quis justo. Maecenas rhoncus aliquam lacus. Morbi quis tortor id nulla ultrices aliquet.', '2021-07-27 01:40:15', '2021-06-25 16:54:44', 'Kevin', 'Chico'),
(78, 'a', null, 'Proin interdum mauris non ligula pellentesque ultrices. Phasellus id sapien in sapien iaculis congue. Vivamus metus arcu, adipiscing molestie, hendrerit at, vulputate vitae, nisl.', '2021-03-30 22:33:45', '2021-03-13 12:40:17', 'Xavier', 'Nicol'),
(73, 'a', null, 'Sed sagittis. Nam congue, risus semper porta volutpat, quam pede lobortis ligula, sit amet eleifend pede libero quis orci. Nullam molestie nibh in lectus.', '2021-11-26 19:26:39', '2021-04-14 20:32:25', 'Grannie', 'Cobbie'),
(20, 'a', null, 'Fusce consequat. Nulla nisl. Nunc nisl.', '2021-06-30 06:56:10', '2021-02-25 03:34:01', 'Haskell', 'Terence'),
(99, 'a', null, 'Duis aliquam convallis nunc. Proin at turpis a pede posuere nonummy. Integer non velit.', '2021-07-27 20:53:45', '2021-03-13 15:29:58', 'Nealy', 'Doyle'),
(58, 'a', null, 'Nullam sit amet turpis elementum ligula vehicula consequat. Morbi a ipsum. Integer a nibh.', '2021-08-04 21:54:34', '2021-05-17 14:36:46', 'Sibyl', 'Consalve'),
(33, 'a', null, 'Sed ante. Vivamus tortor. Duis mattis egestas metus.', '2021-08-12 10:07:09', '2021-02-14 00:36:15', 'Arvy', 'Tymothy'),
(111, 'a', null, 'Nullam sit amet turpis elementum ligula vehicula consequat. Morbi a ipsum. Integer a nibh.', '2021-09-16 06:12:57', '2021-09-04 15:51:30', 'Morten', 'Gerhard'),
(83, 'a', null, 'Curabitur at ipsum ac tellus semper interdum. Mauris ullamcorper purus sit amet nulla. Quisque arcu libero, rutrum ac, lobortis vel, dapibus at, diam.', '2021-12-16 10:24:39', '2021-02-25 21:15:30', 'Sheridan', 'Cash'),
(13, 'joo', null, 'In quis justo. Maecenas rhoncus aliquam lacus. Morbi quis tortor id nulla ultrices aliquet.', '2021-09-25 16:26:15', '2021-09-04 06:36:17', 'Heath', 'Irwinn'),
(47, 'joo', null, 'Proin eu mi. Nulla ac enim. In tempor, turpis nec euismod scelerisque, quam turpis adipiscing lorem, vitae mattis nibh ligula nec sem.', '2021-02-15 09:00:36', '2021-12-02 02:50:19', 'Bordy', 'Kliment'),
(37, 'joo', null, 'Duis consequat dui nec nisi volutpat eleifend. Donec ut dolor. Morbi vel lectus in quam fringilla rhoncus.', '2021-08-08 15:11:06', '2021-05-31 22:32:58', 'Graeme', 'Cody'),
(19, 'joo', null, 'Quisque id justo sit amet sapien dignissim vestibulum. Vestibulum ante ipsum primis in faucibus orci luctus et ultrices posuere cubilia Curae; Nulla dapibus dolor vel est. Donec odio justo, sollicitudin ut, suscipit a, feugiat et, eros.', '2021-01-29 18:57:18', '2021-10-01 12:57:33', 'Ram', 'Gino'),
(9, 'joo', null, 'Phasellus sit amet erat. Nulla tempus. Vivamus in felis eu sapien cursus vestibulum.', '2021-12-31 02:29:25', '2021-02-04 09:29:05', 'Umberto', 'Timotheus'),
(3, 'joo', null, 'Cras non velit nec nisi vulputate nonummy. Maecenas tincidunt lacus at velit. Vivamus vel nulla eget eros elementum pellentesque.', '2021-09-01 13:11:45', '2021-10-28 14:30:23', 'Juan', 'Forest'),
(97, 'joo', null, 'Praesent blandit. Nam nulla. Integer pede justo, lacinia eget, tincidunt eget, tempus vel, pede.', '2021-12-19 15:39:54', '2021-07-10 04:11:12', 'Urbanus', 'Noach'),
(88, 'joo', null, 'Suspendisse potenti. In eleifend quam a odio. In hac habitasse platea dictumst.', '2021-11-12 11:38:06', '2021-12-13 15:21:53', 'Zack', 'Jammal'),
(20, 'joo', null, 'Duis bibendum. Morbi non quam nec dui luctus rutrum. Nulla tellus.', '2021-10-20 18:22:32', '2021-07-10 16:15:54', 'Norrie', 'Barny'),
(93, 'joo', null, 'Curabitur gravida nisi at nibh. In hac habitasse platea dictumst. Aliquam augue quam, sollicitudin vitae, consectetuer eget, rutrum at, lorem.', '2021-09-08 08:49:05', '2021-02-27 04:15:27', 'Donn', 'Adan'),
(61, 'joo', null, 'In hac habitasse platea dictumst. Morbi vestibulum, velit id pretium iaculis, diam erat fermentum justo, nec condimentum neque sapien placerat ante. Nulla justo.', '2021-06-24 16:06:45', '2021-10-31 08:38:22', 'Paxton', 'Stevy'),
(73, 'joo', null, 'Sed sagittis. Nam congue, risus semper porta volutpat, quam pede lobortis ligula, sit amet eleifend pede libero quis orci. Nullam molestie nibh in lectus.', '2021-03-11 20:20:34', '2021-04-19 22:24:56', 'Carolus', 'Niven'),
(60, 'joo', null, 'Aenean fermentum. Donec ut mauris eget massa tempor convallis. Nulla neque libero, convallis eget, eleifend luctus, ultricies eu, nibh.', '2021-10-12 16:46:55', '2021-05-08 14:42:18', 'Cameron', 'Beniamino'),
(41, 'joo', null, 'Maecenas tristique, est et tempus semper, est quam pharetra magna, ac consequat metus sapien ut nunc. Vestibulum ante ipsum primis in faucibus orci luctus et ultrices posuere cubilia Curae; Mauris viverra diam vitae quam. Suspendisse potenti.', '2021-03-16 05:38:39', '2021-02-26 21:41:53', 'Flint', 'Artur'),
(116, 'joo', null, 'Phasellus sit amet erat. Nulla tempus. Vivamus in felis eu sapien cursus vestibulum.', '2021-08-15 22:55:29', '2021-09-22 03:03:29', 'Efren', 'Carrol'),
(113, 'joo', null, 'Proin interdum mauris non ligula pellentesque ultrices. Phasellus id sapien in sapien iaculis congue. Vivamus metus arcu, adipiscing molestie, hendrerit at, vulputate vitae, nisl.', '2021-06-13 10:25:18', '2021-10-27 10:34:16', 'Nevins', 'Caspar'),
(86, 'joo', null, 'Curabitur in libero ut massa volutpat convallis. Morbi odio odio, elementum eu, interdum eu, tincidunt in, leo. Maecenas pulvinar lobortis est.', '2021-04-12 11:14:15', '2021-02-13 09:33:29', 'Carrol', 'Isac'),
(122, 'joo', null, 'Proin interdum mauris non ligula pellentesque ultrices. Phasellus id sapien in sapien iaculis congue. Vivamus metus arcu, adipiscing molestie, hendrerit at, vulputate vitae, nisl.', '2021-11-30 20:48:06', '2021-02-19 12:25:33', 'Dagny', 'Silvain'),
(42, 'joo', null, 'Curabitur at ipsum ac tellus semper interdum. Mauris ullamcorper purus sit amet nulla. Quisque arcu libero, rutrum ac, lobortis vel, dapibus at, diam.', '2021-09-29 09:08:16', '2021-01-29 16:01:20', 'Thurstan', 'Vidovic'),
(3, 'joo', null, 'Aliquam quis turpis eget elit sodales scelerisque. Mauris sit amet eros. Suspendisse accumsan tortor quis turpis.', '2021-02-10 03:27:32', '2021-11-07 23:23:44', 'Jerrold', 'Mac'),
(92, 'joo', null, 'Proin interdum mauris non ligula pellentesque ultrices. Phasellus id sapien in sapien iaculis congue. Vivamus metus arcu, adipiscing molestie, hendrerit at, vulputate vitae, nisl.', '2021-09-24 15:03:04', '2021-03-09 13:36:02', 'Tommie', 'Uriel'),
(3, 'joo', null, 'In sagittis dui vel nisl. Duis ac nibh. Fusce lacus purus, aliquet at, feugiat non, pretium quis, lectus.', '2021-03-18 14:50:37', '2021-04-25 15:04:11', 'Desi', 'Patrizius'),
(24, 'joo', null, 'In congue. Etiam justo. Etiam pretium iaculis justo.', '2021-04-26 17:14:34', '2021-07-04 04:58:06', 'Frederigo', 'Heath'),
(62, 'joo', null, 'Suspendisse potenti. In eleifend quam a odio. In hac habitasse platea dictumst.', '2021-07-30 17:36:48', '2021-02-22 02:50:31', 'Conroy', 'Ralf'),
(49, 'joo', null, 'Proin leo odio, porttitor id, consequat in, consequat ut, nulla. Sed accumsan felis. Ut at dolor quis odio consequat varius.', '2021-06-30 07:55:25', '2021-05-01 04:31:05', 'Carolus', 'Kiley'),
(11, 'joo', null, 'Proin eu mi. Nulla ac enim. In tempor, turpis nec euismod scelerisque, quam turpis adipiscing lorem, vitae mattis nibh ligula nec sem.', '2021-11-30 02:55:08', '2021-12-17 10:25:02', 'Killian', 'Ewell'),
(3, 'joo', null, 'Proin leo odio, porttitor id, consequat in, consequat ut, nulla. Sed accumsan felis. Ut at dolor quis odio consequat varius.', '2021-10-17 05:31:12', '2021-12-19 13:25:46', 'Gary', 'Korey'),
(89, 'joo', null, 'Proin interdum mauris non ligula pellentesque ultrices. Phasellus id sapien in sapien iaculis congue. Vivamus metus arcu, adipiscing molestie, hendrerit at, vulputate vitae, nisl.', '2021-05-16 00:33:39', '2021-04-21 11:16:34', 'Jeth', 'Shem'),
(104, 'joo', null, 'Phasellus in felis. Donec semper sapien a libero. Nam dui.', '2021-04-11 19:12:30', '2021-07-28 21:58:46', 'Archambault', 'Elwyn'),
(120, 'joo', null, 'Maecenas leo odio, condimentum id, luctus nec, molestie sed, justo. Pellentesque viverra pede ac diam. Cras pellentesque volutpat dui.', '2021-11-09 07:48:20', '2021-05-25 01:18:53', 'Owen', 'Aldrich'),
(119, 'joo', null, 'Duis bibendum. Morbi non quam nec dui luctus rutrum. Nulla tellus.', '2021-12-11 18:39:03', '2021-05-29 15:07:40', 'Fleming', 'Kaine'),
(71, 'joo', null, 'Proin leo odio, porttitor id, consequat in, consequat ut, nulla. Sed accumsan felis. Ut at dolor quis odio consequat varius.', '2021-09-22 10:07:58', '2021-06-29 20:27:29', 'Gianni', 'Leroi'),
(45, 'joo', null, 'Proin interdum mauris non ligula pellentesque ultrices. Phasellus id sapien in sapien iaculis congue. Vivamus metus arcu, adipiscing molestie, hendrerit at, vulputate vitae, nisl.', '2021-06-03 15:54:44', '2022-01-21 14:50:05', 'Saundra', 'Timofei'),
(78, 'joo', null, 'Etiam vel augue. Vestibulum rutrum rutrum neque. Aenean auctor gravida sem.', '2021-05-19 04:22:01', '2021-02-23 20:41:21', 'Raphael', 'Earl'),
(29, 'joo', null, 'Phasellus sit amet erat. Nulla tempus. Vivamus in felis eu sapien cursus vestibulum.', '2021-02-14 18:22:02', '2021-03-16 18:55:35', 'Thorstein', 'Boycie'),
(14, 'joo', null, 'Nullam sit amet turpis elementum ligula vehicula consequat. Morbi a ipsum. Integer a nibh.', '2021-12-12 21:27:12', '2022-01-13 21:51:23', 'Haywood', 'Orland'),
(36, 'joo', null, 'In congue. Etiam justo. Etiam pretium iaculis justo.', '2021-12-04 23:26:12', '2021-06-24 00:39:21', 'Arley', 'Bealle'),
(16, 'joo', null, 'Proin eu mi. Nulla ac enim. In tempor, turpis nec euismod scelerisque, quam turpis adipiscing lorem, vitae mattis nibh ligula nec sem.', '2021-10-20 22:49:39', '2021-09-16 21:40:00', 'Gerik', 'Tom'),
(30, 'joo', null, 'Phasellus sit amet erat. Nulla tempus. Vivamus in felis eu sapien cursus vestibulum.', '2021-04-22 18:41:14', '2021-02-14 23:42:46', 'Kimbell', 'Avigdor'),
(119, 'joo', null, 'Fusce posuere felis sed lacus. Morbi sem mauris, laoreet ut, rhoncus aliquet, pulvinar sed, nisl. Nunc rhoncus dui vel sem.', '2021-11-05 20:30:44', '2021-08-23 04:17:55', 'Manny', 'Roth'),
(49, 'joo', null, 'Lorem ipsum dolor sit amet, consectetuer adipiscing elit. Proin risus. Praesent lectus.', '2021-03-30 20:19:39', '2021-11-11 18:15:08', 'Clare', 'Frants'),
(53, 'joo', null, 'Integer tincidunt ante vel ipsum. Praesent blandit lacinia erat. Vestibulum sed magna at nunc commodo placerat.', '2021-07-25 16:59:57', '2021-12-26 16:40:39', 'Verge', 'Uriel'),
(58, 'joo', null, 'Fusce posuere felis sed lacus. Morbi sem mauris, laoreet ut, rhoncus aliquet, pulvinar sed, nisl. Nunc rhoncus dui vel sem.', '2021-10-24 00:02:07', '2021-05-14 21:38:51', 'Tobe', 'Padraig'),
(97, 'joo', null, 'Mauris enim leo, rhoncus sed, vestibulum sit amet, cursus id, turpis. Integer aliquet, massa id lobortis convallis, tortor risus dapibus augue, vel accumsan tellus nisi eu orci. Mauris lacinia sapien quis libero.', '2021-03-15 03:17:22', '2021-03-09 07:40:08', 'Tommy', 'Stanton'),
(58, 'joo', null, 'Fusce posuere felis sed lacus. Morbi sem mauris, laoreet ut, rhoncus aliquet, pulvinar sed, nisl. Nunc rhoncus dui vel sem.', '2021-02-17 15:44:23', '2021-05-12 19:09:44', 'Addy', 'Georas'),
(18, 'joo', null, 'Vestibulum ac est lacinia nisi venenatis tristique. Fusce congue, diam id ornare imperdiet, sapien urna pretium nisl, ut volutpat sapien arcu sed augue. Aliquam erat volutpat.', '2022-01-14 07:16:57', '2022-01-18 13:43:16', 'Salem', 'Franklin'),
(48, 'joo', null, 'In quis justo. Maecenas rhoncus aliquam lacus. Morbi quis tortor id nulla ultrices aliquet.', '2021-03-25 20:09:14', '2021-06-05 06:26:54', 'Wang', 'Gunner'),
(1, 'joo', null, 'Vestibulum quam sapien, varius ut, blandit non, interdum in, ante. Vestibulum ante ipsum primis in faucibus orci luctus et ultrices posuere cubilia Curae; Duis faucibus accumsan odio. Curabitur convallis.', '2021-10-28 04:52:36', '2021-12-25 06:43:01', 'Brendan', 'Rouvin'),
(102, 'joo', null, 'Nam ultrices, libero non mattis pulvinar, nulla pede ullamcorper augue, a suscipit nulla elit ac nulla. Sed vel enim sit amet nunc viverra dapibus. Nulla suscipit ligula in lacus.', '2021-06-13 23:00:54', '2021-03-02 16:25:07', 'Bran', 'Chet'),
(105, 'joo', null, 'Donec diam neque, vestibulum eget, vulputate ut, ultrices vel, augue. Vestibulum ante ipsum primis in faucibus orci luctus et ultrices posuere cubilia Curae; Donec pharetra, magna vestibulum aliquet ultrices, erat tortor sollicitudin mi, sit amet lobortis sapien sapien non mi. Integer ac neque.', '2021-07-23 01:10:10', '2021-10-09 04:58:11', 'My', 'Conny'),
(1, 'joo', null, 'Nulla ut erat id mauris vulputate elementum. Nullam varius. Nulla facilisi.', '2021-06-15 07:11:35', '2021-11-10 07:57:55', 'Raimondo', 'Lou'),
(87, 'joo', null, 'Phasellus sit amet erat. Nulla tempus. Vivamus in felis eu sapien cursus vestibulum.', '2021-04-12 09:26:39', '2021-02-05 04:29:18', 'Curry', 'Gian'),
(113, 'joo', null, 'Maecenas ut massa quis augue luctus tincidunt. Nulla mollis molestie lorem. Quisque ut erat.', '2021-04-14 23:17:12', '2021-12-21 20:18:49', 'Raleigh', 'Marlon'),
(74, 'joo', null, 'Fusce posuere felis sed lacus. Morbi sem mauris, laoreet ut, rhoncus aliquet, pulvinar sed, nisl. Nunc rhoncus dui vel sem.', '2021-10-26 17:58:35', '2022-01-27 11:45:17', 'Lauren', 'Hoebart'),
(28, 'joo', null, 'Suspendisse potenti. In eleifend quam a odio. In hac habitasse platea dictumst.', '2021-05-17 07:57:54', '2021-03-16 07:48:16', 'Tonnie', 'Borden'),
(47, 'joo', null, 'Proin leo odio, porttitor id, consequat in, consequat ut, nulla. Sed accumsan felis. Ut at dolor quis odio consequat varius.', '2021-07-30 20:29:36', '2021-12-29 07:52:24', 'Galvin', 'Olenolin'),
(104, 'joo', null, 'In congue. Etiam justo. Etiam pretium iaculis justo.', '2021-07-16 13:21:55', '2021-02-18 15:51:26', 'Burty', 'Nicky'),
(121, 'joo', null, 'Duis bibendum. Morbi non quam nec dui luctus rutrum. Nulla tellus.', '2021-02-02 04:12:07', '2021-12-07 02:32:36', 'Ashton', 'Galvin'),
(12, 'joo', null, 'Nulla ut erat id mauris vulputate elementum. Nullam varius. Nulla facilisi.', '2021-10-18 21:01:27', '2021-10-02 00:45:14', 'Pacorro', 'Johan'),
(62, 'joo', null, 'Quisque porta volutpat erat. Quisque erat eros, viverra eget, congue eget, semper rutrum, nulla. Nunc purus.', '2021-02-26 12:57:07', '2021-05-28 13:25:39', 'Chip', 'Lazaro'),
(3, 'joo', null, 'Cras non velit nec nisi vulputate nonummy. Maecenas tincidunt lacus at velit. Vivamus vel nulla eget eros elementum pellentesque.', '2021-08-09 03:26:07', '2021-11-24 20:01:46', 'Odey', 'Alasdair'),
(111, 'joo', null, 'Nullam porttitor lacus at turpis. Donec posuere metus vitae ipsum. Aliquam non mauris.', '2021-09-11 06:11:36', '2021-02-08 18:50:27', 'Francis', 'Clywd'),
(15, 'joo', null, 'Duis consequat dui nec nisi volutpat eleifend. Donec ut dolor. Morbi vel lectus in quam fringilla rhoncus.', '2021-10-28 03:52:43', '2021-05-07 04:46:57', 'Ambros', 'Allistir'),
(63, 'joo', null, 'Praesent blandit. Nam nulla. Integer pede justo, lacinia eget, tincidunt eget, tempus vel, pede.', '2021-02-26 11:44:06', '2021-04-04 10:50:51', 'Godwin', 'Darn'),
(64, 'joo', null, 'Cum sociis natoque penatibus et magnis dis parturient montes, nascetur ridiculus mus. Vivamus vestibulum sagittis sapien. Cum sociis natoque penatibus et magnis dis parturient montes, nascetur ridiculus mus.', '2021-09-18 01:26:49', '2021-10-18 22:02:35', 'Saw', 'Hersch'),
(75, 'joo', null, 'Phasellus sit amet erat. Nulla tempus. Vivamus in felis eu sapien cursus vestibulum.', '2021-05-07 22:15:22', '2021-04-09 04:53:46', 'Jonas', 'Walther'),
(115, 'joo', null, 'Integer tincidunt ante vel ipsum. Praesent blandit lacinia erat. Vestibulum sed magna at nunc commodo placerat.', '2022-01-09 09:24:31', '2021-11-23 05:50:30', 'Maison', 'Rutledge'),
(66, 'joo', null, 'Phasellus in felis. Donec semper sapien a libero. Nam dui.', '2021-04-29 15:50:03', '2021-10-09 05:24:40', 'Warde', 'Ezra'),
(113, 'joo', null, 'Aenean fermentum. Donec ut mauris eget massa tempor convallis. Nulla neque libero, convallis eget, eleifend luctus, ultricies eu, nibh.', '2021-11-27 02:08:50', '2021-09-17 23:44:27', 'Beale', 'John'),
(22, 'joo', null, 'Duis bibendum. Morbi non quam nec dui luctus rutrum. Nulla tellus.', '2021-12-07 04:27:25', '2021-08-01 16:35:36', 'Stephanus', 'Woodie'),
(101, 'joo', null, 'Maecenas ut massa quis augue luctus tincidunt. Nulla mollis molestie lorem. Quisque ut erat.', '2022-01-09 23:00:02', '2021-02-03 16:50:34', 'Kendrick', 'Stevie'),
(74, 'joo', null, 'Phasellus sit amet erat. Nulla tempus. Vivamus in felis eu sapien cursus vestibulum.', '2021-11-13 17:40:36', '2021-05-24 19:48:38', 'Renato', 'Lazar'),
(117, 'joo', null, 'Vestibulum ac est lacinia nisi venenatis tristique. Fusce congue, diam id ornare imperdiet, sapien urna pretium nisl, ut volutpat sapien arcu sed augue. Aliquam erat volutpat.', '2021-04-07 23:37:24', '2021-07-31 23:54:24', 'Clim', 'Kerwin'),
(109, 'joo', null, 'Phasellus sit amet erat. Nulla tempus. Vivamus in felis eu sapien cursus vestibulum.', '2021-06-01 10:19:17', '2021-05-05 01:35:40', 'Merry', 'Alejoa'),
(35, 'joo', null, 'Morbi non lectus. Aliquam sit amet diam in magna bibendum imperdiet. Nullam orci pede, venenatis non, sodales sed, tincidunt eu, felis.', '2021-07-26 04:44:47', '2021-08-04 20:39:24', 'Hank', 'Bronnie'),
(58, 'joo', null, 'Integer tincidunt ante vel ipsum. Praesent blandit lacinia erat. Vestibulum sed magna at nunc commodo placerat.', '2021-06-05 17:56:40', '2021-12-16 06:08:45', 'Pembroke', 'Rudolfo'),
(94, 'joo', null, 'Morbi porttitor lorem id ligula. Suspendisse ornare consequat lectus. In est risus, auctor sed, tristique in, tempus sit amet, sem.', '2021-07-27 15:28:41', '2021-02-03 15:56:24', 'Skye', 'Travus'),
(110, 'joo', null, 'Duis bibendum. Morbi non quam nec dui luctus rutrum. Nulla tellus.', '2021-05-13 08:24:45', '2021-11-05 10:30:53', 'Anatole', 'Josh'),
(38, 'joo', null, 'Integer ac leo. Pellentesque ultrices mattis odio. Donec vitae nisi.', '2022-01-03 09:28:12', '2021-06-15 10:09:44', 'Wolfy', 'Denver'),
(112, 'joo', null, 'In quis justo. Maecenas rhoncus aliquam lacus. Morbi quis tortor id nulla ultrices aliquet.', '2021-10-28 06:09:00', '2021-04-18 09:32:47', 'Ave', 'Samson'),
(55, 'joo', null, 'Nulla ut erat id mauris vulputate elementum. Nullam varius. Nulla facilisi.', '2021-03-30 07:04:00', '2021-06-11 23:16:21', 'Merrick', 'Taddeo'),
(38, 'joo', null, 'Duis aliquam convallis nunc. Proin at turpis a pede posuere nonummy. Integer non velit.', '2021-05-12 15:07:01', '2021-03-01 11:26:25', 'Lamar', 'Denver'),
(57, 'joo', null, 'Pellentesque at nulla. Suspendisse potenti. Cras in purus eu magna vulputate luctus.', '2021-07-19 19:58:41', '2022-01-09 10:16:22', 'Marc', 'Dudley'),
(110, 'joo', null, 'Morbi porttitor lorem id ligula. Suspendisse ornare consequat lectus. In est risus, auctor sed, tristique in, tempus sit amet, sem.', '2021-10-10 12:35:10', '2021-06-08 16:03:44', 'Cirilo', 'Hewie'),
(16, 'joo', null, 'Proin interdum mauris non ligula pellentesque ultrices. Phasellus id sapien in sapien iaculis congue. Vivamus metus arcu, adipiscing molestie, hendrerit at, vulputate vitae, nisl.', '2021-09-15 20:31:58', '2021-09-10 04:08:45', 'Parnell', 'Justen'),
(77, 'joo', null, 'Donec diam neque, vestibulum eget, vulputate ut, ultrices vel, augue. Vestibulum ante ipsum primis in faucibus orci luctus et ultrices posuere cubilia Curae; Donec pharetra, magna vestibulum aliquet ultrices, erat tortor sollicitudin mi, sit amet lobortis sapien sapien non mi. Integer ac neque.', '2021-10-10 05:06:58', '2021-03-07 18:41:41', 'Wait', 'Jefferey'),
(80, 'joo', null, 'In congue. Etiam justo. Etiam pretium iaculis justo.', '2021-11-29 14:56:54', '2021-08-11 08:38:14', 'Oliver', 'Gordan'),
(93, 'joo', null, 'Sed ante. Vivamus tortor. Duis mattis egestas metus.', '2021-08-08 12:08:41', '2021-02-21 14:20:28', 'Boy', 'Erhard'),
(21, 'joo', null, 'Nullam porttitor lacus at turpis. Donec posuere metus vitae ipsum. Aliquam non mauris.', '2021-02-02 10:37:42', '2021-07-07 09:13:50', 'Kingsley', 'Cristiano'),
(121, 'joo', null, 'Vestibulum ac est lacinia nisi venenatis tristique. Fusce congue, diam id ornare imperdiet, sapien urna pretium nisl, ut volutpat sapien arcu sed augue. Aliquam erat volutpat.', '2021-05-01 16:02:15', '2021-03-16 04:57:53', 'Jack', 'Emerson'),
(81, 'joo', null, 'Nullam porttitor lacus at turpis. Donec posuere metus vitae ipsum. Aliquam non mauris.', '2021-10-06 07:22:15', '2021-04-13 18:38:19', 'Shadow', 'Olivero'),
(115, 'joo', null, 'Curabitur at ipsum ac tellus semper interdum. Mauris ullamcorper purus sit amet nulla. Quisque arcu libero, rutrum ac, lobortis vel, dapibus at, diam.', '2021-08-21 18:30:28', '2022-01-27 04:56:23', 'Torrance', 'Jay'),
(71, 'joo', null, 'Proin interdum mauris non ligula pellentesque ultrices. Phasellus id sapien in sapien iaculis congue. Vivamus metus arcu, adipiscing molestie, hendrerit at, vulputate vitae, nisl.', '2021-07-14 22:27:52', '2021-12-20 14:06:44', 'Griz', 'Rice'),
(10, 'joo', null, 'Duis consequat dui nec nisi volutpat eleifend. Donec ut dolor. Morbi vel lectus in quam fringilla rhoncus.', '2021-09-22 03:34:12', '2021-08-02 23:30:33', 'Johnathan', 'Gasper'),
(83, 'joo', null, 'Lorem ipsum dolor sit amet, consectetuer adipiscing elit. Proin risus. Praesent lectus.', '2021-11-09 09:44:05', '2021-09-27 16:32:41', 'Krishnah', 'Gauthier'),
(65, 'joo', null, 'Duis consequat dui nec nisi volutpat eleifend. Donec ut dolor. Morbi vel lectus in quam fringilla rhoncus.', '2021-06-05 10:03:50', '2021-04-03 21:14:02', 'Padraig', 'Hagan'),
(65, 'joo', null, 'Fusce posuere felis sed lacus. Morbi sem mauris, laoreet ut, rhoncus aliquet, pulvinar sed, nisl. Nunc rhoncus dui vel sem.', '2021-02-08 03:59:27', '2022-01-05 18:54:29', 'Marven', 'Cesaro'),
(40, 'joo', null, 'Fusce consequat. Nulla nisl. Nunc nisl.', '2021-09-10 06:18:43', '2022-01-05 12:44:51', 'Iggy', 'Giffer'),
(40, 'joo', null, 'Curabitur gravida nisi at nibh. In hac habitasse platea dictumst. Aliquam augue quam, sollicitudin vitae, consectetuer eget, rutrum at, lorem.', '2021-11-24 21:14:01', '2021-07-24 00:45:50', 'Tanner', 'Alasdair'),
(53, 'joo', null, 'Curabitur in libero ut massa volutpat convallis. Morbi odio odio, elementum eu, interdum eu, tincidunt in, leo. Maecenas pulvinar lobortis est.', '2021-04-30 20:09:55', '2021-07-19 23:40:23', 'Germain', 'Raffaello'),
(35, 'joo', null, 'Cum sociis natoque penatibus et magnis dis parturient montes, nascetur ridiculus mus. Vivamus vestibulum sagittis sapien. Cum sociis natoque penatibus et magnis dis parturient montes, nascetur ridiculus mus.', '2021-09-23 19:49:04', '2021-07-17 12:46:19', 'Pat', 'Lynn'),
(108, 'joo', null, 'Praesent blandit. Nam nulla. Integer pede justo, lacinia eget, tincidunt eget, tempus vel, pede.', '2021-02-26 17:41:27', '2021-06-19 13:50:02', 'Ancell', 'Zack'),
(123, 'joo', null, 'Proin interdum mauris non ligula pellentesque ultrices. Phasellus id sapien in sapien iaculis congue. Vivamus metus arcu, adipiscing molestie, hendrerit at, vulputate vitae, nisl.', '2021-04-02 23:38:41', '2021-05-25 09:51:50', 'Augustus', 'Noak'),
(10, 'joo', null, 'Vestibulum ac est lacinia nisi venenatis tristique. Fusce congue, diam id ornare imperdiet, sapien urna pretium nisl, ut volutpat sapien arcu sed augue. Aliquam erat volutpat.', '2021-08-04 16:14:43', '2021-05-14 16:24:37', 'Verne', 'Jae'),
(70, 'joo', null, 'Donec diam neque, vestibulum eget, vulputate ut, ultrices vel, augue. Vestibulum ante ipsum primis in faucibus orci luctus et ultrices posuere cubilia Curae; Donec pharetra, magna vestibulum aliquet ultrices, erat tortor sollicitudin mi, sit amet lobortis sapien sapien non mi. Integer ac neque.', '2021-11-06 06:46:35', '2022-01-10 16:32:48', 'Guillermo', 'Donavon'),
(66, 'joo', null, 'Sed sagittis. Nam congue, risus semper porta volutpat, quam pede lobortis ligula, sit amet eleifend pede libero quis orci. Nullam molestie nibh in lectus.', '2022-01-14 20:49:05', '2021-02-17 00:51:12', 'Ermin', 'Eugenius'),
(60, 'joo', null, 'Quisque id justo sit amet sapien dignissim vestibulum. Vestibulum ante ipsum primis in faucibus orci luctus et ultrices posuere cubilia Curae; Nulla dapibus dolor vel est. Donec odio justo, sollicitudin ut, suscipit a, feugiat et, eros.', '2021-10-31 12:14:52', '2021-12-16 14:05:55', 'Beniamino', 'Lucius'),
(86, 'joo', null, 'Donec diam neque, vestibulum eget, vulputate ut, ultrices vel, augue. Vestibulum ante ipsum primis in faucibus orci luctus et ultrices posuere cubilia Curae; Donec pharetra, magna vestibulum aliquet ultrices, erat tortor sollicitudin mi, sit amet lobortis sapien sapien non mi. Integer ac neque.', '2021-05-14 17:45:54', '2021-11-04 17:25:01', 'Roman', 'Pippo'),
(46, 'joo', null, 'In hac habitasse platea dictumst. Morbi vestibulum, velit id pretium iaculis, diam erat fermentum justo, nec condimentum neque sapien placerat ante. Nulla justo.', '2021-12-30 18:54:39', '2021-10-27 17:51:06', 'Laird', 'Rooney'),
(109, 'joo', null, 'Phasellus in felis. Donec semper sapien a libero. Nam dui.', '2021-02-15 22:55:20', '2021-05-19 06:29:30', 'Harwell', 'Hamish'),
(29, 'joo', null, 'Vestibulum quam sapien, varius ut, blandit non, interdum in, ante. Vestibulum ante ipsum primis in faucibus orci luctus et ultrices posuere cubilia Curae; Duis faucibus accumsan odio. Curabitur convallis.', '2021-03-03 14:41:45', '2021-08-21 19:45:03', 'Farrell', 'Putnam'),
(4, 'joo', null, 'Duis bibendum, felis sed interdum venenatis, turpis enim blandit mi, in porttitor pede justo eu massa. Donec dapibus. Duis at velit eu est congue elementum.', '2021-05-07 23:41:49', '2021-07-20 15:05:46', 'Cullan', 'Brenden'),
(72, 'joo', null, 'Quisque id justo sit amet sapien dignissim vestibulum. Vestibulum ante ipsum primis in faucibus orci luctus et ultrices posuere cubilia Curae; Nulla dapibus dolor vel est. Donec odio justo, sollicitudin ut, suscipit a, feugiat et, eros.', '2022-01-21 09:58:07', '2021-09-30 10:22:58', 'Reinhard', 'Gustav'),
(103, 'joo', null, 'Proin eu mi. Nulla ac enim. In tempor, turpis nec euismod scelerisque, quam turpis adipiscing lorem, vitae mattis nibh ligula nec sem.', '2021-06-21 04:54:38', '2021-02-04 14:03:34', 'Redford', 'Odey'),
(3, 'joo', null, 'Duis aliquam convallis nunc. Proin at turpis a pede posuere nonummy. Integer non velit.', '2021-07-03 22:53:01', '2021-12-17 02:16:19', 'Onofredo', 'Burnard'),
(47, 'joo', null, 'In congue. Etiam justo. Etiam pretium iaculis justo.', '2021-04-14 07:12:05', '2022-01-25 09:31:18', 'Ludwig', 'Bink'),
(108, 'joo', null, 'Cras mi pede, malesuada in, imperdiet et, commodo vulputate, justo. In blandit ultrices enim. Lorem ipsum dolor sit amet, consectetuer adipiscing elit.', '2021-01-29 06:11:21', '2021-11-28 10:36:30', 'Brose', 'Dory'),
(18, 'joo', null, 'Curabitur in libero ut massa volutpat convallis. Morbi odio odio, elementum eu, interdum eu, tincidunt in, leo. Maecenas pulvinar lobortis est.', '2021-07-11 22:57:32', '2021-12-29 13:13:47', 'Jorgan', 'Tully'),
(122, 'joo', null, 'Quisque porta volutpat erat. Quisque erat eros, viverra eget, congue eget, semper rutrum, nulla. Nunc purus.', '2021-07-07 11:28:36', '2022-01-11 22:25:11', 'Noak', 'Randi'),
(10, 'joo', null, 'Duis bibendum, felis sed interdum venenatis, turpis enim blandit mi, in porttitor pede justo eu massa. Donec dapibus. Duis at velit eu est congue elementum.', '2021-01-28 04:18:05', '2021-03-15 00:49:20', 'Robers', 'Lucien'),
(100, 'joo', null, 'In quis justo. Maecenas rhoncus aliquam lacus. Morbi quis tortor id nulla ultrices aliquet.', '2021-10-21 10:15:11', '2021-07-15 02:29:24', 'Ellwood', 'Haley'),
(109, 'joo', null, 'In sagittis dui vel nisl. Duis ac nibh. Fusce lacus purus, aliquet at, feugiat non, pretium quis, lectus.', '2021-09-20 02:30:44', '2021-02-23 21:10:19', 'Rand', 'Farr'),
(7, 'joo', null, 'Aenean fermentum. Donec ut mauris eget massa tempor convallis. Nulla neque libero, convallis eget, eleifend luctus, ultricies eu, nibh.', '2021-03-30 03:51:17', '2021-03-12 03:31:28', 'Benn', 'Felicio'),
(3, 'joo', null, 'In hac habitasse platea dictumst. Etiam faucibus cursus urna. Ut tellus.', '2021-09-28 17:14:00', '2021-11-10 07:58:33', 'Bram', 'Reamonn'),
(19, 'joo', null, 'Nam ultrices, libero non mattis pulvinar, nulla pede ullamcorper augue, a suscipit nulla elit ac nulla. Sed vel enim sit amet nunc viverra dapibus. Nulla suscipit ligula in lacus.', '2021-11-21 02:15:09', '2021-09-26 07:25:00', 'Tobiah', 'Elvyn'),
(29, 'joo', null, 'Integer ac leo. Pellentesque ultrices mattis odio. Donec vitae nisi.', '2021-06-17 22:45:24', '2021-02-22 00:27:48', 'Tuckie', 'Alano'),
(38, 'joo', null, 'Praesent blandit. Nam nulla. Integer pede justo, lacinia eget, tincidunt eget, tempus vel, pede.', '2021-03-08 06:05:41', '2021-08-23 14:39:11', 'Torrey', 'Lincoln'),
(89, 'joo', null, 'Praesent blandit. Nam nulla. Integer pede justo, lacinia eget, tincidunt eget, tempus vel, pede.', '2021-05-02 07:48:14', '2021-04-21 23:59:10', 'Sheppard', 'Mordy'),
(37, 'joo', null, 'Quisque porta volutpat erat. Quisque erat eros, viverra eget, congue eget, semper rutrum, nulla. Nunc purus.', '2021-09-23 10:38:38', '2021-09-28 17:28:23', 'Alasteir', 'Rodolph'),
(96, 'joo', null, 'Curabitur at ipsum ac tellus semper interdum. Mauris ullamcorper purus sit amet nulla. Quisque arcu libero, rutrum ac, lobortis vel, dapibus at, diam.', '2021-12-13 02:05:08', '2021-08-13 20:19:31', 'Curcio', 'Frankie'),
(9, 'joo', null, 'Curabitur in libero ut massa volutpat convallis. Morbi odio odio, elementum eu, interdum eu, tincidunt in, leo. Maecenas pulvinar lobortis est.', '2021-08-03 08:05:59', '2021-07-18 13:07:29', 'Randal', 'Lowrance'),
(95, 'joo', null, 'Proin interdum mauris non ligula pellentesque ultrices. Phasellus id sapien in sapien iaculis congue. Vivamus metus arcu, adipiscing molestie, hendrerit at, vulputate vitae, nisl.', '2021-05-23 16:26:14', '2022-01-27 15:13:11', 'Corbin', 'Gardy'),
(41, 'joo', null, 'In hac habitasse platea dictumst. Morbi vestibulum, velit id pretium iaculis, diam erat fermentum justo, nec condimentum neque sapien placerat ante. Nulla justo.', '2021-04-12 18:28:56', '2021-09-16 06:18:28', 'Sammie', 'Jerrold'),
(80, 'joo', null, 'Aliquam quis turpis eget elit sodales scelerisque. Mauris sit amet eros. Suspendisse accumsan tortor quis turpis.', '2021-02-20 22:12:07', '2021-05-20 15:04:18', 'Abram', 'Foster'),
(46, 'joo', null, 'Fusce posuere felis sed lacus. Morbi sem mauris, laoreet ut, rhoncus aliquet, pulvinar sed, nisl. Nunc rhoncus dui vel sem.', '2021-02-05 14:12:10', '2021-04-21 22:37:57', 'Rusty', 'Martin'),
(117, 'joo', null, 'Morbi porttitor lorem id ligula. Suspendisse ornare consequat lectus. In est risus, auctor sed, tristique in, tempus sit amet, sem.', '2021-08-30 23:52:53', '2021-04-13 04:02:26', 'Mohammed', 'Roman'),
(117, 'joo', null, 'Maecenas tristique, est et tempus semper, est quam pharetra magna, ac consequat metus sapien ut nunc. Vestibulum ante ipsum primis in faucibus orci luctus et ultrices posuere cubilia Curae; Mauris viverra diam vitae quam. Suspendisse potenti.', '2021-11-28 01:58:02', '2021-12-21 11:52:52', 'Tomas', 'Lorry'),
(102, 'joo', null, 'Curabitur at ipsum ac tellus semper interdum. Mauris ullamcorper purus sit amet nulla. Quisque arcu libero, rutrum ac, lobortis vel, dapibus at, diam.', '2021-02-07 07:54:20', '2022-01-26 07:40:14', 'Laurence', 'Obediah'),
(105, 'joo', null, 'Aenean fermentum. Donec ut mauris eget massa tempor convallis. Nulla neque libero, convallis eget, eleifend luctus, ultricies eu, nibh.', '2021-12-07 21:09:27', '2021-02-25 05:08:10', 'Doyle', 'Manolo'),
(31, 'joo', null, 'Maecenas leo odio, condimentum id, luctus nec, molestie sed, justo. Pellentesque viverra pede ac diam. Cras pellentesque volutpat dui.', '2021-06-08 17:54:29', '2021-04-09 21:42:54', 'Alfons', 'Merrel'),
(104, 'joo', null, 'Cras mi pede, malesuada in, imperdiet et, commodo vulputate, justo. In blandit ultrices enim. Lorem ipsum dolor sit amet, consectetuer adipiscing elit.', '2021-02-15 00:43:19', '2021-05-11 00:01:36', 'Barris', 'Thayne'),
(6, 'joo', null, 'Vestibulum ac est lacinia nisi venenatis tristique. Fusce congue, diam id ornare imperdiet, sapien urna pretium nisl, ut volutpat sapien arcu sed augue. Aliquam erat volutpat.', '2021-08-23 18:08:15', '2021-02-14 18:46:55', 'Chester', 'Raimund'),
(23, 'joo', null, 'Proin eu mi. Nulla ac enim. In tempor, turpis nec euismod scelerisque, quam turpis adipiscing lorem, vitae mattis nibh ligula nec sem.', '2021-08-22 05:10:51', '2021-11-14 05:48:36', 'Gunner', 'Daryle'),
(9, 'joo', null, 'Vestibulum quam sapien, varius ut, blandit non, interdum in, ante. Vestibulum ante ipsum primis in faucibus orci luctus et ultrices posuere cubilia Curae; Duis faucibus accumsan odio. Curabitur convallis.', '2021-07-08 21:49:32', '2021-10-16 05:19:59', 'Garey', 'Newton'),
(61, 'joo', null, 'Vestibulum ac est lacinia nisi venenatis tristique. Fusce congue, diam id ornare imperdiet, sapien urna pretium nisl, ut volutpat sapien arcu sed augue. Aliquam erat volutpat.', '2021-02-16 21:02:31', '2021-03-14 09:32:46', 'Pryce', 'Ruggiero'),
(60, 'joo', null, 'Vestibulum ac est lacinia nisi venenatis tristique. Fusce congue, diam id ornare imperdiet, sapien urna pretium nisl, ut volutpat sapien arcu sed augue. Aliquam erat volutpat.', '2021-07-01 14:11:02', '2022-01-05 14:35:41', 'Alphonse', 'Jimmie'),
(66, 'joo', null, 'In congue. Etiam justo. Etiam pretium iaculis justo.', '2021-07-21 22:00:47', '2021-04-15 01:34:52', 'Francesco', 'Sigismond'),
(110, 'joo', null, 'Maecenas ut massa quis augue luctus tincidunt. Nulla mollis molestie lorem. Quisque ut erat.', '2022-01-20 13:04:44', '2021-07-23 13:46:46', 'Lee', 'Hillie'),
(49, 'joo', null, 'Curabitur in libero ut massa volutpat convallis. Morbi odio odio, elementum eu, interdum eu, tincidunt in, leo. Maecenas pulvinar lobortis est.', '2021-08-17 22:15:55', '2021-08-14 18:08:06', 'Xerxes', 'Gavan'),
(30, 'joo', null, 'Praesent id massa id nisl venenatis lacinia. Aenean sit amet justo. Morbi ut odio.', '2022-01-01 09:01:26', '2021-02-05 06:06:11', 'Nilson', 'Abramo'),
(66, 'joo', null, 'Maecenas leo odio, condimentum id, luctus nec, molestie sed, justo. Pellentesque viverra pede ac diam. Cras pellentesque volutpat dui.', '2021-03-19 18:31:00', '2021-02-02 18:13:43', 'Efrem', 'Nappie'),
(20, 'joo', null, 'Sed sagittis. Nam congue, risus semper porta volutpat, quam pede lobortis ligula, sit amet eleifend pede libero quis orci. Nullam molestie nibh in lectus.', '2021-08-10 09:50:08', '2021-06-10 09:21:44', 'Killy', 'Link'),
(60, 'joo', null, 'Quisque id justo sit amet sapien dignissim vestibulum. Vestibulum ante ipsum primis in faucibus orci luctus et ultrices posuere cubilia Curae; Nulla dapibus dolor vel est. Donec odio justo, sollicitudin ut, suscipit a, feugiat et, eros.', '2021-07-01 11:17:44', '2021-06-12 14:47:11', 'Redd', 'Findlay'),
(84, 'joo', null, 'Curabitur in libero ut massa volutpat convallis. Morbi odio odio, elementum eu, interdum eu, tincidunt in, leo. Maecenas pulvinar lobortis est.', '2021-11-20 19:24:29', '2021-07-09 22:30:51', 'Jermaine', 'Giordano'),
(16, 'joo', null, 'Proin interdum mauris non ligula pellentesque ultrices. Phasellus id sapien in sapien iaculis congue. Vivamus metus arcu, adipiscing molestie, hendrerit at, vulputate vitae, nisl.', '2021-03-31 15:02:53', '2022-01-27 10:41:22', 'Nevins', 'Tades'),
(24, 'joo', null, 'Aenean lectus. Pellentesque eget nunc. Donec quis orci eget orci vehicula condimentum.', '2021-12-14 16:08:30', '2021-07-27 17:14:42', 'Ford', 'Bert'),
(118, 'joo', null, 'Aliquam quis turpis eget elit sodales scelerisque. Mauris sit amet eros. Suspendisse accumsan tortor quis turpis.', '2021-04-06 13:22:24', '2021-03-22 21:55:23', 'Derward', 'Gilberto'),
(80, 'joo', null, 'Curabitur in libero ut massa volutpat convallis. Morbi odio odio, elementum eu, interdum eu, tincidunt in, leo. Maecenas pulvinar lobortis est.', '2021-11-11 14:40:19', '2021-03-18 04:28:34', 'Raynard', 'Harmon'),
(15, 'joo', null, 'Aliquam quis turpis eget elit sodales scelerisque. Mauris sit amet eros. Suspendisse accumsan tortor quis turpis.', '2021-08-03 10:39:41', '2021-10-10 14:36:42', 'Link', 'Herculie'),
(53, 'joo', null, 'Mauris enim leo, rhoncus sed, vestibulum sit amet, cursus id, turpis. Integer aliquet, massa id lobortis convallis, tortor risus dapibus augue, vel accumsan tellus nisi eu orci. Mauris lacinia sapien quis libero.', '2021-10-16 21:35:19', '2021-02-03 11:50:26', 'Bruno', 'Morry'),
(116, 'joo', null, 'Quisque id justo sit amet sapien dignissim vestibulum. Vestibulum ante ipsum primis in faucibus orci luctus et ultrices posuere cubilia Curae; Nulla dapibus dolor vel est. Donec odio justo, sollicitudin ut, suscipit a, feugiat et, eros.', '2021-06-30 09:33:06', '2021-03-14 15:57:56', 'Ash', 'Kain'),
(18, 'joo', null, 'Vestibulum quam sapien, varius ut, blandit non, interdum in, ante. Vestibulum ante ipsum primis in faucibus orci luctus et ultrices posuere cubilia Curae; Duis faucibus accumsan odio. Curabitur convallis.', '2021-12-17 04:35:08', '2021-12-03 02:48:23', 'Vance', 'Sherwood'),
(39, 'joo', null, 'Fusce posuere felis sed lacus. Morbi sem mauris, laoreet ut, rhoncus aliquet, pulvinar sed, nisl. Nunc rhoncus dui vel sem.', '2022-01-24 11:08:07', '2021-03-10 17:24:44', 'Alexio', 'Zak'),
(36, 'joo', null, 'Duis bibendum. Morbi non quam nec dui luctus rutrum. Nulla tellus.', '2021-10-26 14:32:13', '2021-12-09 16:40:34', 'Gustavus', 'Dennis'),
(95, 'joo', null, 'Suspendisse potenti. In eleifend quam a odio. In hac habitasse platea dictumst.', '2022-01-04 18:07:58', '2021-06-09 11:32:21', 'Correy', 'Michale'),
(83, 'joo', null, 'Proin eu mi. Nulla ac enim. In tempor, turpis nec euismod scelerisque, quam turpis adipiscing lorem, vitae mattis nibh ligula nec sem.', '2021-08-26 19:21:23', '2021-08-18 00:16:06', 'Marsh', 'Jake'),
(32, 'joo', null, 'Fusce posuere felis sed lacus. Morbi sem mauris, laoreet ut, rhoncus aliquet, pulvinar sed, nisl. Nunc rhoncus dui vel sem.', '2021-04-06 03:33:13', '2021-02-08 18:06:28', 'Joey', 'Jeddy'),
(97, 'joo', null, 'Curabitur in libero ut massa volutpat convallis. Morbi odio odio, elementum eu, interdum eu, tincidunt in, leo. Maecenas pulvinar lobortis est.', '2021-10-02 12:32:35', '2021-03-31 17:12:09', 'Ermin', 'Randy'),
(101, 'joo', null, 'In congue. Etiam justo. Etiam pretium iaculis justo.', '2021-06-26 12:29:52', '2021-01-29 02:54:16', 'Archer', 'Denney'),
(109, 'joo', null, 'Cras non velit nec nisi vulputate nonummy. Maecenas tincidunt lacus at velit. Vivamus vel nulla eget eros elementum pellentesque.', '2021-05-01 12:24:18', '2021-05-30 21:29:42', 'Fransisco', 'Francisco'),
(93, 'joo', null, 'Quisque porta volutpat erat. Quisque erat eros, viverra eget, congue eget, semper rutrum, nulla. Nunc purus.', '2021-02-22 10:56:34', '2021-09-02 15:20:32', 'Georgy', 'Wells'),
(118, 'joo', null, 'Quisque id justo sit amet sapien dignissim vestibulum. Vestibulum ante ipsum primis in faucibus orci luctus et ultrices posuere cubilia Curae; Nulla dapibus dolor vel est. Donec odio justo, sollicitudin ut, suscipit a, feugiat et, eros.', '2021-11-04 07:35:10', '2021-12-24 13:17:12', 'Oates', 'Clayborne'),
(97, 'joo', null, 'Nullam porttitor lacus at turpis. Donec posuere metus vitae ipsum. Aliquam non mauris.', '2021-07-18 10:42:20', '2021-12-25 13:59:02', 'Richmound', 'Wilmar'),
(6, 'joo', null, 'Phasellus in felis. Donec semper sapien a libero. Nam dui.', '2021-02-08 10:45:24', '2021-04-04 03:18:49', 'Rees', 'Kerk'),
(106, 'joo', null, 'Etiam vel augue. Vestibulum rutrum rutrum neque. Aenean auctor gravida sem.', '2021-02-12 12:56:15', '2021-06-19 00:23:26', 'Kiley', 'Keenan'),
(77, 'joo', null, 'Aenean lectus. Pellentesque eget nunc. Donec quis orci eget orci vehicula condimentum.', '2022-01-08 02:32:10', '2021-07-23 12:21:01', 'Harlen', 'Zacharia'),
(56, 'joo', null, 'Sed ante. Vivamus tortor. Duis mattis egestas metus.', '2021-11-18 01:32:48', '2021-06-06 01:59:25', 'Vittorio', 'Milty'),
(19, 'joo', null, 'In hac habitasse platea dictumst. Etiam faucibus cursus urna. Ut tellus.', '2021-05-07 23:57:29', '2021-04-03 21:55:11', 'Oliver', 'Graehme');

-- 대댓글
insert into article_comment (article_id, user_id, parent_comment_id, content, created_at, modified_at, created_by, modified_by) values
(69, 'joo', 1, '퍼가요~', '2021-03-02 22:40:04', '2021-04-27 15:38:09', 'Joo', 'Joo'),
(69, 'a', 1, '퍼가요~', '2021-03-03 22:40:04', '2021-04-27 15:38:09', 'A', 'A'),
(69, 'joo', 1, '또 퍼가요~', '2021-03-04 22:40:04', '2021-04-27 15:38:09', 'Joo', 'Joo'),
(69, 'joo', 1, '또또 퍼가요~', '2021-03-05 22:40:04', '2021-04-27 15:38:09', 'Joo', 'Joo');

--- 해시태그 20개
insert into hashtag (hashtag_name, created_at, created_by, modified_at, modified_by) values
('blue', now(), 'joo', now(), 'joo'),
('crimson', now(), 'joo', now(), 'joo'),
('fuscia', now(), 'joo', now(), 'joo'),
('goldenrod', now(), 'joo', now(), 'joo'),
('green', now(), 'joo', now(), 'joo'),
('indigo', now(), 'joo', now(), 'joo'),
('khaki', now(), 'joo', now(), 'joo'),
('maroon', now(), 'joo', now(), 'joo'),
('mauv', now(), 'joo', now(), 'joo'),
('orange', now(), 'joo', now(), 'joo'),
('pink', now(), 'joo', now(), 'joo'),
('puce', now(), 'joo', now(), 'joo'),
('purple', now(), 'joo', now(), 'joo'),
('red', now(), 'joo', now(), 'joo'),
('teal', now(), 'joo', now(), 'joo'),
('turquoise', now(), 'joo', now(), 'joo'),
('violet', now(), 'joo', now(), 'joo'),
('yellow', now(), 'joo', now(), 'joo'),
('white', now(), 'joo', now(), 'joo'),
('black', now(), 'joo', now(), 'joo');

--- article-hashtag 50개
insert into article_hashtag (article_id, hashtag_id) values
(110, 7),
(67, 6),
(14, 1),
(27, 15),
(48, 17),
(121, 12),
(59, 15),
(115, 13),
(7, 17),
(55, 6),
(106, 19),
(119, 1),
(80, 14),
(91, 18),
(10, 7),
(78, 18),
(17, 10),
(115, 9),
(42, 17),
(33, 7),
(34, 6),
(52, 11),
(5, 16),
(54, 10),
(58, 8),
(35, 5),
(115, 10),
(55, 16),
(68, 12),
(16, 17),
(109, 9),
(100, 19),
(5, 10),
(87, 20),
(103, 13),
(12, 12),
(78, 10),
(58, 11),
(55, 1),
(64, 2),
(84, 4),
(5, 15),
(95, 9),
(43, 18),
(3, 3),
(15, 20),
(82, 8),
(96, 18),
(40, 6),
(82, 12);
