--- 테스트 계정
insert into user_account (user_id, user_password, nickname, email, memo, created_at, created_by, modified_at, modified_by) values ('joo', '1234asdf', 'Joo', 'jk042386@gmail.com', 'bulabula', now(), 'joo', now(), 'joo');
insert into user_account (user_id, user_password, nickname, email, memo, created_at, created_by, modified_at, modified_by) values ('a', '1234asdf', 'A', 'a@gmail.com', 'bulabula', now(), 'a', now(), 'a');

--- 게시글 123개
insert into article (user_id, title, content, hashtag, created_by, modified_by, created_at, modified_at) values
('a', 'Nulla tellus.', 'Praesent id massa id nisl venenatis lacinia. Aenean sit amet justo. Morbi ut odio.', null, 'Freeman', 'Cello', '2022-07-31 16:44:54', '2023-04-08 02:08:30'),
('a', 'In hac habitasse platea dictumst.', 'Proin eu mi. Nulla ac enim. In tempor, turpis nec euismod scelerisque, quam turpis adipiscing lorem, vitae mattis nibh ligula nec sem.', 'Khaki', 'Constancy', 'Marcelline', '2022-11-26 00:54:49', '2023-02-20 13:54:20'),
('a', 'Suspendisse potenti.', 'Proin interdum mauris non ligula pellentesque ultrices. Phasellus id sapien in sapien iaculis congue. Vivamus metus arcu, adipiscing molestie, hendrerit at, vulputate vitae, nisl.', 'Crimson', 'Chelsae', 'Jeanne', '2023-04-07 04:38:05', '2022-09-30 19:33:39'),
('a', 'Curabitur convallis.', 'Nullam porttitor lacus at turpis. Donec posuere metus vitae ipsum. Aliquam non mauris.', null, 'Lucila', 'Ferguson', '2023-06-03 02:26:48', '2023-03-12 21:17:22'),
('joo', 'Donec vitae nisi.', 'Sed ante. Vivamus tortor. Duis mattis egestas metus.', 'Mauv', 'Rachel', 'Jenn', '2022-10-09 11:16:22', '2022-08-25 21:38:55'),
('joo', 'Maecenas ut massa quis augue luctus tincidunt.', 'Aenean lectus. Pellentesque eget nunc. Donec quis orci eget orci vehicula condimentum.', 'Orange', 'Kora', 'Husein', '2022-07-23 21:49:49', '2022-12-15 06:47:39'),
('joo', 'Aliquam augue quam, sollicitudin vitae, consectetuer eget, rutrum at, lorem.', 'Nulla ut erat id mauris vulputate elementum. Nullam varius. Nulla facilisi.', 'Pink', 'Cortie', 'Cirstoforo', '2023-03-15 08:03:31', '2023-05-16 23:36:20'),
('joo', 'Morbi ut odio.', 'Mauris enim leo, rhoncus sed, vestibulum sit amet, cursus id, turpis. Integer aliquet, massa id lobortis convallis, tortor risus dapibus augue, vel accumsan tellus nisi eu orci. Mauris lacinia sapien quis libero.', null, 'Amos', 'Georgeanne', '2022-10-10 22:58:43', '2023-06-22 13:48:27'),
('joo', 'Donec ut dolor.', 'Pellentesque at nulla. Suspendisse potenti. Cras in purus eu magna vulputate luctus.', null, 'Shayla', 'Sandra', '2022-08-31 13:52:26', '2023-05-27 17:48:54'),
('joo', 'Curabitur in libero ut massa volutpat convallis.', 'Nulla ut erat id mauris vulputate elementum. Nullam varius. Nulla facilisi.', 'Blue', 'Gothart', 'Aldric', '2023-03-30 03:38:48', '2022-09-01 22:16:23'),
('joo', 'Nullam orci pede, venenatis non, sodales sed, tincidunt eu, felis.', 'Maecenas ut massa quis augue luctus tincidunt. Nulla mollis molestie lorem. Quisque ut erat.', 'Crimson', 'Kris', 'Donovan', '2023-06-15 17:43:35', '2023-06-17 12:35:53'),
('joo', 'Fusce lacus purus, aliquet at, feugiat non, pretium quis, lectus.', 'Maecenas ut massa quis augue luctus tincidunt. Nulla mollis molestie lorem. Quisque ut erat.', 'Khaki', 'Robinia', 'Buffy', '2022-09-29 23:04:47', '2023-01-28 04:31:22'),
('joo', 'Nulla tempus.', 'In hac habitasse platea dictumst. Etiam faucibus cursus urna. Ut tellus.', null, 'Norah', 'Emmy', '2022-09-13 02:07:52', '2023-03-24 05:25:35'),
('joo', 'Cum sociis natoque penatibus et magnis dis parturient montes, nascetur ridiculus mus.', 'Fusce posuere felis sed lacus. Morbi sem mauris, laoreet ut, rhoncus aliquet, pulvinar sed, nisl. Nunc rhoncus dui vel sem.', 'Green', 'Court', 'Chanda', '2022-08-02 03:37:50', '2023-02-03 12:50:57'),
('joo', 'Vivamus vestibulum sagittis sapien.', 'In quis justo. Maecenas rhoncus aliquam lacus. Morbi quis tortor id nulla ultrices aliquet.', 'Maroon', 'Gunther', 'Bone', '2023-05-23 23:05:42', '2022-07-16 20:29:49'),
('joo', 'Maecenas tincidunt lacus at velit.', 'Curabitur at ipsum ac tellus semper interdum. Mauris ullamcorper purus sit amet nulla. Quisque arcu libero, rutrum ac, lobortis vel, dapibus at, diam.', 'Aquamarine', 'Junette', 'Anselma', '2023-02-27 19:00:53', '2023-06-18 17:14:27'),
('joo', 'Vestibulum ante ipsum primis in faucibus orci luctus et ultrices posuere cubilia Curae; Nulla dapibus dolor vel est.', 'In hac habitasse platea dictumst. Etiam faucibus cursus urna. Ut tellus.', 'Crimson', 'Jessamine', 'Ema', '2023-04-30 20:04:23', '2023-05-15 09:51:30'),
('joo', 'Aliquam non mauris.', 'Proin interdum mauris non ligula pellentesque ultrices. Phasellus id sapien in sapien iaculis congue. Vivamus metus arcu, adipiscing molestie, hendrerit at, vulputate vitae, nisl.', 'Violet', 'Thomasina', 'Cory', '2022-10-09 23:15:44', '2022-10-01 15:56:19'),
('joo', 'Quisque erat eros, viverra eget, congue eget, semper rutrum, nulla.', 'Curabitur at ipsum ac tellus semper interdum. Mauris ullamcorper purus sit amet nulla. Quisque arcu libero, rutrum ac, lobortis vel, dapibus at, diam.', 'Blue', 'Benji', 'Lowrance', '2023-06-28 16:03:12', '2023-03-12 13:38:27'),
('joo', 'Curabitur in libero ut massa volutpat convallis.', 'Nam ultrices, libero non mattis pulvinar, nulla pede ullamcorper augue, a suscipit nulla elit ac nulla. Sed vel enim sit amet nunc viverra dapibus. Nulla suscipit ligula in lacus.', 'Puce', 'Egor', 'Marcus', '2022-12-11 10:14:08', '2023-06-13 19:25:24'),
('joo', 'Morbi non quam nec dui luctus rutrum.', 'Proin leo odio, porttitor id, consequat in, consequat ut, nulla. Sed accumsan felis. Ut at dolor quis odio consequat varius.', 'Red', 'Alanah', 'Briny', '2023-04-03 17:25:56', '2022-07-08 23:29:28'),
('joo', 'In hac habitasse platea dictumst.', 'Duis consequat dui nec nisi volutpat eleifend. Donec ut dolor. Morbi vel lectus in quam fringilla rhoncus.', 'Purple', 'Ann', 'Lora', '2022-08-01 03:31:55', '2022-11-08 00:37:33'),
('joo', 'In hac habitasse platea dictumst.', 'Donec diam neque, vestibulum eget, vulputate ut, ultrices vel, augue. Vestibulum ante ipsum primis in faucibus orci luctus et ultrices posuere cubilia Curae; Donec pharetra, magna vestibulum aliquet ultrices, erat tortor sollicitudin mi, sit amet lobortis sapien sapien non mi. Integer ac neque.', null, 'Hercule', 'Ruthann', '2022-10-09 15:26:24', '2023-06-25 12:06:01'),
('joo', 'Suspendisse potenti.', 'Lorem ipsum dolor sit amet, consectetuer adipiscing elit. Proin risus. Praesent lectus.', 'Blue', 'Wilden', 'Rudyard', '2023-06-07 18:20:06', '2023-03-16 00:18:34'),
('joo', 'Integer tincidunt ante vel ipsum.', 'Aenean lectus. Pellentesque eget nunc. Donec quis orci eget orci vehicula condimentum.', 'Red', 'Gabrielle', 'Art', '2023-05-15 05:39:12', '2022-08-08 18:54:45'),
('joo', 'Nulla facilisi.', 'Mauris enim leo, rhoncus sed, vestibulum sit amet, cursus id, turpis. Integer aliquet, massa id lobortis convallis, tortor risus dapibus augue, vel accumsan tellus nisi eu orci. Mauris lacinia sapien quis libero.', null, 'Nadean', 'Aridatha', '2022-11-04 02:48:54', '2022-10-23 16:31:14'),
('joo', 'Cras non velit nec nisi vulputate nonummy.', 'Aenean lectus. Pellentesque eget nunc. Donec quis orci eget orci vehicula condimentum.', null, 'Raphaela', 'Maribeth', '2022-10-18 16:18:02', '2023-06-09 23:10:16'),
('joo', 'Nulla ac enim.', 'Nulla ut erat id mauris vulputate elementum. Nullam varius. Nulla facilisi.', 'Fuscia', 'Ophelie', 'Scot', '2023-01-06 03:16:24', '2022-08-24 15:05:23'),
('joo', 'Cras non velit nec nisi vulputate nonummy.', 'Curabitur at ipsum ac tellus semper interdum. Mauris ullamcorper purus sit amet nulla. Quisque arcu libero, rutrum ac, lobortis vel, dapibus at, diam.', null, 'Corry', 'Peter', '2023-01-17 13:39:03', '2023-02-04 13:05:28'),
('joo', 'Sed ante.', 'Vestibulum quam sapien, varius ut, blandit non, interdum in, ante. Vestibulum ante ipsum primis in faucibus orci luctus et ultrices posuere cubilia Curae; Duis faucibus accumsan odio. Curabitur convallis.', null, 'Joanne', 'Juliane', '2022-07-28 23:15:59', '2023-01-23 09:43:00'),
('joo', 'Nam congue, risus semper porta volutpat, quam pede lobortis ligula, sit amet eleifend pede libero quis orci.', 'Aliquam quis turpis eget elit sodales scelerisque. Mauris sit amet eros. Suspendisse accumsan tortor quis turpis.', 'Maroon', 'Vidovik', 'Brena', '2022-09-15 03:27:00', '2022-10-06 18:19:44'),
('joo', 'Nullam molestie nibh in lectus.', 'In hac habitasse platea dictumst. Etiam faucibus cursus urna. Ut tellus.', null, 'Chariot', 'Rube', '2022-09-30 22:15:51', '2023-02-14 17:29:28'),
('joo', 'Etiam vel augue.', 'Curabitur gravida nisi at nibh. In hac habitasse platea dictumst. Aliquam augue quam, sollicitudin vitae, consectetuer eget, rutrum at, lorem.', 'Aquamarine', 'Correy', 'Carlo', '2022-08-25 11:29:57', '2023-04-01 23:04:48'),
('joo', 'Morbi non lectus.', 'Curabitur gravida nisi at nibh. In hac habitasse platea dictumst. Aliquam augue quam, sollicitudin vitae, consectetuer eget, rutrum at, lorem.', 'Puce', 'Nerta', 'Stormi', '2023-04-26 15:08:14', '2022-12-21 03:02:11'),
('joo', 'Aenean auctor gravida sem.', 'Donec diam neque, vestibulum eget, vulputate ut, ultrices vel, augue. Vestibulum ante ipsum primis in faucibus orci luctus et ultrices posuere cubilia Curae; Donec pharetra, magna vestibulum aliquet ultrices, erat tortor sollicitudin mi, sit amet lobortis sapien sapien non mi. Integer ac neque.', 'Orange', 'Irita', 'Josh', '2022-08-06 00:51:18', '2022-08-18 01:10:42'),
('joo', 'Nulla mollis molestie lorem.', 'Maecenas tristique, est et tempus semper, est quam pharetra magna, ac consequat metus sapien ut nunc. Vestibulum ante ipsum primis in faucibus orci luctus et ultrices posuere cubilia Curae; Mauris viverra diam vitae quam. Suspendisse potenti.', 'Yellow', 'Pierce', 'Susette', '2022-09-18 04:52:27', '2022-12-06 10:31:36'),
('joo', 'Quisque arcu libero, rutrum ac, lobortis vel, dapibus at, diam.', 'Duis bibendum, felis sed interdum venenatis, turpis enim blandit mi, in porttitor pede justo eu massa. Donec dapibus. Duis at velit eu est congue elementum.', 'Turquoise', 'Susy', 'Mycah', '2022-07-22 00:32:39', '2022-12-17 18:24:50'),
('joo', 'In hac habitasse platea dictumst.', 'In hac habitasse platea dictumst. Etiam faucibus cursus urna. Ut tellus.', 'Blue', 'Devora', 'Cherise', '2022-10-31 12:58:09', '2022-10-28 21:26:02'),
('joo', 'Aliquam non mauris.', 'Duis bibendum. Morbi non quam nec dui luctus rutrum. Nulla tellus.', 'Yellow', 'Tallie', 'Camilla', '2023-05-07 17:24:41', '2022-08-11 08:47:57'),
('joo', 'Nam nulla.', 'Proin eu mi. Nulla ac enim. In tempor, turpis nec euismod scelerisque, quam turpis adipiscing lorem, vitae mattis nibh ligula nec sem.', null, 'Berne', 'Toby', '2022-07-31 19:07:52', '2023-05-02 22:50:05'),
('joo', 'Quisque porta volutpat erat.', 'Nam ultrices, libero non mattis pulvinar, nulla pede ullamcorper augue, a suscipit nulla elit ac nulla. Sed vel enim sit amet nunc viverra dapibus. Nulla suscipit ligula in lacus.', null, 'Dottie', 'Delores', '2023-06-29 15:59:38', '2022-08-20 23:27:16'),
('joo', 'Cras non velit nec nisi vulputate nonummy.', 'Duis aliquam convallis nunc. Proin at turpis a pede posuere nonummy. Integer non velit.', 'Aquamarine', 'Phebe', 'Brendin', '2022-11-22 01:10:59', '2022-10-03 17:27:56'),
('joo', 'Curabitur in libero ut massa volutpat convallis.', 'Duis aliquam convallis nunc. Proin at turpis a pede posuere nonummy. Integer non velit.', 'Blue', 'Anastasie', 'Courtenay', '2022-11-22 17:39:52', '2023-05-27 17:20:42'),
('joo', 'Morbi vestibulum, velit id pretium iaculis, diam erat fermentum justo, nec condimentum neque sapien placerat ante.', 'Nulla ut erat id mauris vulputate elementum. Nullam varius. Nulla facilisi.', 'Indigo', 'Bary', 'Eal', '2023-05-24 18:05:30', '2022-07-20 00:14:06'),
('joo', 'Nulla ut erat id mauris vulputate elementum.', 'In sagittis dui vel nisl. Duis ac nibh. Fusce lacus purus, aliquet at, feugiat non, pretium quis, lectus.', 'Green', 'Caprice', 'Marc', '2022-09-23 22:58:45', '2023-04-15 03:07:44'),
('joo', 'Nulla tempus.', 'Aenean fermentum. Donec ut mauris eget massa tempor convallis. Nulla neque libero, convallis eget, eleifend luctus, ultricies eu, nibh.', 'Puce', 'Cass', 'Junette', '2023-03-22 16:08:07', '2023-05-24 04:56:58'),
('joo', 'Donec posuere metus vitae ipsum.', 'Cum sociis natoque penatibus et magnis dis parturient montes, nascetur ridiculus mus. Vivamus vestibulum sagittis sapien. Cum sociis natoque penatibus et magnis dis parturient montes, nascetur ridiculus mus.', 'Aquamarine', 'Christos', 'Diandra', '2023-06-24 16:28:42', '2022-09-03 17:48:04'),
('joo', 'Proin leo odio, porttitor id, consequat in, consequat ut, nulla.', 'Phasellus in felis. Donec semper sapien a libero. Nam dui.', null, 'Wallas', 'Roberta', '2023-01-03 12:00:44', '2023-02-23 05:06:18'),
('joo', 'Vivamus vel nulla eget eros elementum pellentesque.', 'Nullam sit amet turpis elementum ligula vehicula consequat. Morbi a ipsum. Integer a nibh.', 'Fuscia', 'Ferrell', 'Bryna', '2022-12-25 23:56:26', '2022-08-15 06:27:21'),
('joo', 'Praesent blandit lacinia erat.', 'Maecenas tristique, est et tempus semper, est quam pharetra magna, ac consequat metus sapien ut nunc. Vestibulum ante ipsum primis in faucibus orci luctus et ultrices posuere cubilia Curae; Mauris viverra diam vitae quam. Suspendisse potenti.', 'Teal', 'Laurie', 'Carlo', '2023-03-24 02:14:33', '2023-06-28 08:18:15'),
('joo', 'Vestibulum rutrum rutrum neque.', 'Pellentesque at nulla. Suspendisse potenti. Cras in purus eu magna vulputate luctus.', 'Aquamarine', 'Ariana', 'Demetri', '2023-05-13 01:50:16', '2022-12-06 09:06:35'),
('joo', 'Aliquam sit amet diam in magna bibendum imperdiet.', 'Mauris enim leo, rhoncus sed, vestibulum sit amet, cursus id, turpis. Integer aliquet, massa id lobortis convallis, tortor risus dapibus augue, vel accumsan tellus nisi eu orci. Mauris lacinia sapien quis libero.', 'Green', 'Win', 'Pamella', '2023-02-20 21:29:23', '2022-07-31 16:56:39'),
('joo', 'Sed ante.', 'Maecenas leo odio, condimentum id, luctus nec, molestie sed, justo. Pellentesque viverra pede ac diam. Cras pellentesque volutpat dui.', null, 'Alfie', 'Janeva', '2022-08-04 15:07:47', '2023-02-20 06:02:20'),
('joo', 'Donec ut dolor.', 'Sed ante. Vivamus tortor. Duis mattis egestas metus.', 'Maroon', 'Kurt', 'Zonnya', '2022-12-31 06:51:23', '2022-08-11 20:46:58'),
('joo', 'Nulla justo.', 'Nulla ut erat id mauris vulputate elementum. Nullam varius. Nulla facilisi.', 'Puce', 'Myrilla', 'Norman', '2022-07-07 19:05:35', '2022-12-31 07:59:28'),
('joo', 'Duis bibendum.', 'Nam ultrices, libero non mattis pulvinar, nulla pede ullamcorper augue, a suscipit nulla elit ac nulla. Sed vel enim sit amet nunc viverra dapibus. Nulla suscipit ligula in lacus.', 'Blue', 'Eugenius', 'Waldon', '2023-04-26 03:47:12', '2023-03-26 15:03:18'),
('joo', 'Proin leo odio, porttitor id, consequat in, consequat ut, nulla.', 'Sed sagittis. Nam congue, risus semper porta volutpat, quam pede lobortis ligula, sit amet eleifend pede libero quis orci. Nullam molestie nibh in lectus.', 'Blue', 'Emlynn', 'Jeanne', '2022-10-09 08:49:12', '2022-10-13 05:58:06'),
('joo', 'Proin interdum mauris non ligula pellentesque ultrices.', 'Phasellus in felis. Donec semper sapien a libero. Nam dui.', 'Red', 'Jesus', 'Scarface', '2022-09-09 23:10:48', '2022-09-22 09:38:59'),
('joo', 'Donec quis orci eget orci vehicula condimentum.', 'In congue. Etiam justo. Etiam pretium iaculis justo.', null, 'Rice', 'Terrijo', '2022-10-12 01:54:17', '2023-02-21 20:15:02'),
('joo', 'Aliquam erat volutpat.', 'Suspendisse potenti. In eleifend quam a odio. In hac habitasse platea dictumst.', null, 'Birgitta', 'Tristan', '2023-02-24 14:40:16', '2022-12-27 09:25:34'),
('joo', 'Quisque erat eros, viverra eget, congue eget, semper rutrum, nulla.', 'Aliquam quis turpis eget elit sodales scelerisque. Mauris sit amet eros. Suspendisse accumsan tortor quis turpis.', 'Violet', 'Lowrance', 'Lara', '2023-04-14 08:52:42', '2023-06-16 07:19:56'),
('joo', 'Quisque erat eros, viverra eget, congue eget, semper rutrum, nulla.', 'Proin eu mi. Nulla ac enim. In tempor, turpis nec euismod scelerisque, quam turpis adipiscing lorem, vitae mattis nibh ligula nec sem.', 'Maroon', 'Tibold', 'Elka', '2022-07-18 22:36:02', '2022-12-01 09:07:02'),
('joo', 'Mauris ullamcorper purus sit amet nulla.', 'Fusce consequat. Nulla nisl. Nunc nisl.', 'Indigo', 'Sibella', 'Ailbert', '2022-12-18 17:39:33', '2023-05-20 03:44:02'),
('joo', 'Proin leo odio, porttitor id, consequat in, consequat ut, nulla.', 'Curabitur in libero ut massa volutpat convallis. Morbi odio odio, elementum eu, interdum eu, tincidunt in, leo. Maecenas pulvinar lobortis est.', 'Pink', 'Hillier', 'Giana', '2022-11-11 18:54:37', '2023-05-19 12:20:44'),
('joo', 'Nunc nisl.', 'Morbi porttitor lorem id ligula. Suspendisse ornare consequat lectus. In est risus, auctor sed, tristique in, tempus sit amet, sem.', 'Pink', 'Nicola', 'Nadia', '2022-09-29 08:46:39', '2023-05-10 05:32:32'),
('joo', 'Integer aliquet, massa id lobortis convallis, tortor risus dapibus augue, vel accumsan tellus nisi eu orci.', 'Cras mi pede, malesuada in, imperdiet et, commodo vulputate, justo. In blandit ultrices enim. Lorem ipsum dolor sit amet, consectetuer adipiscing elit.', 'Orange', 'Ileana', 'Dannel', '2022-10-11 15:28:49', '2023-02-07 08:17:48'),
('joo', 'Suspendisse potenti.', 'Integer ac leo. Pellentesque ultrices mattis odio. Donec vitae nisi.', 'Teal', 'Phillis', 'Zoe', '2023-03-11 01:32:55', '2022-12-13 07:41:31'),
('joo', 'Maecenas tincidunt lacus at velit.', 'Curabitur gravida nisi at nibh. In hac habitasse platea dictumst. Aliquam augue quam, sollicitudin vitae, consectetuer eget, rutrum at, lorem.', 'Mauv', 'Roxine', 'Cristine', '2022-11-25 07:31:53', '2022-12-17 15:51:57'),
('joo', 'Pellentesque viverra pede ac diam.', 'Fusce posuere felis sed lacus. Morbi sem mauris, laoreet ut, rhoncus aliquet, pulvinar sed, nisl. Nunc rhoncus dui vel sem.', 'Pink', 'Elmer', 'Frederica', '2023-04-11 08:02:08', '2022-08-16 04:27:08'),
('joo', 'Duis at velit eu est congue elementum.', 'Donec diam neque, vestibulum eget, vulputate ut, ultrices vel, augue. Vestibulum ante ipsum primis in faucibus orci luctus et ultrices posuere cubilia Curae; Donec pharetra, magna vestibulum aliquet ultrices, erat tortor sollicitudin mi, sit amet lobortis sapien sapien non mi. Integer ac neque.', 'Aquamarine', 'Standford', 'Blakeley', '2023-01-03 22:18:55', '2022-08-06 08:04:32'),
('joo', 'Mauris enim leo, rhoncus sed, vestibulum sit amet, cursus id, turpis.', 'Duis bibendum. Morbi non quam nec dui luctus rutrum. Nulla tellus.', 'Green', 'Smith', 'Hamlen', '2022-09-06 07:58:57', '2023-02-05 21:49:28'),
('joo', 'Donec diam neque, vestibulum eget, vulputate ut, ultrices vel, augue.', 'Sed ante. Vivamus tortor. Duis mattis egestas metus.', 'Green', 'Tatiania', 'Carce', '2022-08-31 22:21:31', '2022-11-16 13:54:49'),
('joo', 'Cum sociis natoque penatibus et magnis dis parturient montes, nascetur ridiculus mus.', 'Fusce consequat. Nulla nisl. Nunc nisl.', 'Crimson', 'Blake', 'Hamel', '2022-08-14 13:45:54', '2023-02-15 14:26:26'),
('joo', 'Sed ante.', 'Quisque porta volutpat erat. Quisque erat eros, viverra eget, congue eget, semper rutrum, nulla. Nunc purus.', 'Khaki', 'Neilla', 'Serene', '2022-07-12 21:47:29', '2022-08-13 16:21:13'),
('joo', 'Nulla suscipit ligula in lacus.', 'Cum sociis natoque penatibus et magnis dis parturient montes, nascetur ridiculus mus. Vivamus vestibulum sagittis sapien. Cum sociis natoque penatibus et magnis dis parturient montes, nascetur ridiculus mus.', 'Mauv', 'Salomo', 'Marcie', '2022-07-12 09:59:57', '2023-03-10 12:32:42'),
('joo', 'Nam tristique tortor eu pede.', 'Curabitur gravida nisi at nibh. In hac habitasse platea dictumst. Aliquam augue quam, sollicitudin vitae, consectetuer eget, rutrum at, lorem.', 'Pink', 'Krysta', 'Nonna', '2023-06-08 05:10:06', '2023-01-14 19:13:36'),
('joo', 'Phasellus sit amet erat.', 'In hac habitasse platea dictumst. Etiam faucibus cursus urna. Ut tellus.', 'Red', 'Al', 'Bernarr', '2022-08-20 17:13:15', '2022-08-16 05:19:00'),
('joo', 'Etiam faucibus cursus urna.', 'Nulla ut erat id mauris vulputate elementum. Nullam varius. Nulla facilisi.', 'Indigo', 'Fransisco', 'Humberto', '2022-12-21 13:03:59', '2023-06-02 01:15:22'),
('joo', 'Cras pellentesque volutpat dui.', 'In hac habitasse platea dictumst. Etiam faucibus cursus urna. Ut tellus.', null, 'Mariya', 'Stanislaw', '2023-02-09 14:31:16', '2023-05-20 23:03:23'),
('joo', 'Nulla mollis molestie lorem.', 'Duis bibendum. Morbi non quam nec dui luctus rutrum. Nulla tellus.', 'Puce', 'Heidi', 'Mayne', '2022-11-04 07:32:51', '2023-05-18 12:19:51'),
('joo', 'Duis aliquam convallis nunc.', 'Duis bibendum. Morbi non quam nec dui luctus rutrum. Nulla tellus.', 'Aquamarine', 'Muriel', 'Cal', '2023-03-27 03:26:58', '2022-08-17 18:37:08'),
('joo', 'Proin at turpis a pede posuere nonummy.', 'Proin eu mi. Nulla ac enim. In tempor, turpis nec euismod scelerisque, quam turpis adipiscing lorem, vitae mattis nibh ligula nec sem.', 'Mauv', 'Frazer', 'Germaine', '2023-06-28 18:01:27', '2023-03-08 13:05:26'),
('joo', 'Maecenas tincidunt lacus at velit.', 'Morbi porttitor lorem id ligula. Suspendisse ornare consequat lectus. In est risus, auctor sed, tristique in, tempus sit amet, sem.', 'Red', 'Barney', 'Georgia', '2023-04-02 09:44:29', '2023-03-12 02:14:23'),
('joo', 'Nulla ac enim.', 'Maecenas tristique, est et tempus semper, est quam pharetra magna, ac consequat metus sapien ut nunc. Vestibulum ante ipsum primis in faucibus orci luctus et ultrices posuere cubilia Curae; Mauris viverra diam vitae quam. Suspendisse potenti.', 'Turquoise', 'Chaim', 'Chrystel', '2022-09-24 17:14:03', '2022-08-30 04:59:21'),
('joo', 'Fusce lacus purus, aliquet at, feugiat non, pretium quis, lectus.', 'Nullam sit amet turpis elementum ligula vehicula consequat. Morbi a ipsum. Integer a nibh.', 'Yellow', 'Arnuad', 'Diena', '2022-09-30 09:46:53', '2022-11-25 15:35:36'),
('joo', 'Vivamus vel nulla eget eros elementum pellentesque.', 'Phasellus sit amet erat. Nulla tempus. Vivamus in felis eu sapien cursus vestibulum.', 'Aquamarine', 'Delora', 'Junia', '2023-02-17 09:13:50', '2022-12-02 10:32:23'),
('joo', 'Donec ut dolor.', 'Vestibulum quam sapien, varius ut, blandit non, interdum in, ante. Vestibulum ante ipsum primis in faucibus orci luctus et ultrices posuere cubilia Curae; Duis faucibus accumsan odio. Curabitur convallis.', 'Orange', 'Mikol', 'Royall', '2023-02-11 10:24:25', '2023-02-18 18:56:50'),
('joo', 'Aliquam erat volutpat.', 'Cras mi pede, malesuada in, imperdiet et, commodo vulputate, justo. In blandit ultrices enim. Lorem ipsum dolor sit amet, consectetuer adipiscing elit.', null, 'Shepherd', 'Cindie', '2022-09-12 19:17:29', '2023-05-22 05:10:58'),
('joo', 'Pellentesque viverra pede ac diam.', 'Duis bibendum, felis sed interdum venenatis, turpis enim blandit mi, in porttitor pede justo eu massa. Donec dapibus. Duis at velit eu est congue elementum.', 'Khaki', 'Johnathan', 'Ernie', '2022-11-19 12:51:04', '2023-04-19 13:28:15'),
('joo', 'Suspendisse potenti.', 'Suspendisse potenti. In eleifend quam a odio. In hac habitasse platea dictumst.', 'Crimson', 'Gauthier', 'Keslie', '2022-12-12 15:32:19', '2023-01-08 08:06:06'),
('joo', 'Curabitur at ipsum ac tellus semper interdum.', 'Quisque id justo sit amet sapien dignissim vestibulum. Vestibulum ante ipsum primis in faucibus orci luctus et ultrices posuere cubilia Curae; Nulla dapibus dolor vel est. Donec odio justo, sollicitudin ut, suscipit a, feugiat et, eros.', 'Maroon', 'Trescha', 'Sapphire', '2023-02-10 23:26:15', '2023-01-12 15:23:36'),
('joo', 'Fusce congue, diam id ornare imperdiet, sapien urna pretium nisl, ut volutpat sapien arcu sed augue.', 'Maecenas ut massa quis augue luctus tincidunt. Nulla mollis molestie lorem. Quisque ut erat.', 'Aquamarine', 'Elsbeth', 'Rodie', '2022-11-14 00:00:43', '2022-09-02 12:40:42'),
('joo', 'Mauris ullamcorper purus sit amet nulla.', 'In congue. Etiam justo. Etiam pretium iaculis justo.', 'Khaki', 'Diena', 'Taryn', '2023-07-03 07:05:34', '2023-03-06 01:08:47'),
('joo', 'Nam dui.', 'In sagittis dui vel nisl. Duis ac nibh. Fusce lacus purus, aliquet at, feugiat non, pretium quis, lectus.', 'Crimson', 'Eugenia', 'Caryn', '2022-07-21 19:23:16', '2023-03-15 21:49:00'),
('joo', 'Praesent blandit.', 'Cum sociis natoque penatibus et magnis dis parturient montes, nascetur ridiculus mus. Vivamus vestibulum sagittis sapien. Cum sociis natoque penatibus et magnis dis parturient montes, nascetur ridiculus mus.', null, 'Derwin', 'Cecilla', '2022-12-04 02:36:30', '2023-01-05 18:21:28'),
('joo', 'Integer tincidunt ante vel ipsum.', 'Integer tincidunt ante vel ipsum. Praesent blandit lacinia erat. Vestibulum sed magna at nunc commodo placerat.', 'Blue', 'Roarke', 'Fara', '2022-10-31 20:22:59', '2022-07-08 23:12:02'),
('joo', 'Quisque ut erat.', 'Aliquam quis turpis eget elit sodales scelerisque. Mauris sit amet eros. Suspendisse accumsan tortor quis turpis.', 'Turquoise', 'Rosie', 'Randi', '2023-01-14 10:54:57', '2023-01-15 16:48:43'),
('joo', 'Nunc purus.', 'Suspendisse potenti. In eleifend quam a odio. In hac habitasse platea dictumst.', 'Pink', 'Spense', 'Andrea', '2022-11-09 03:25:48', '2022-10-28 05:16:51'),
('joo', 'Vivamus metus arcu, adipiscing molestie, hendrerit at, vulputate vitae, nisl.', 'Proin interdum mauris non ligula pellentesque ultrices. Phasellus id sapien in sapien iaculis congue. Vivamus metus arcu, adipiscing molestie, hendrerit at, vulputate vitae, nisl.', 'Violet', 'Megen', 'Shepherd', '2023-06-13 02:41:46', '2022-10-06 03:36:59'),
('joo', 'Curabitur convallis.', 'Morbi porttitor lorem id ligula. Suspendisse ornare consequat lectus. In est risus, auctor sed, tristique in, tempus sit amet, sem.', 'Teal', 'Monah', 'Nancie', '2022-11-17 03:35:46', '2022-09-23 11:05:54'),
('joo', 'Donec ut mauris eget massa tempor convallis.', 'Nullam porttitor lacus at turpis. Donec posuere metus vitae ipsum. Aliquam non mauris.', 'Turquoise', 'Clarisse', 'Halette', '2022-09-11 08:57:02', '2023-04-09 08:20:27'),
('joo', 'In hac habitasse platea dictumst.', 'Duis bibendum. Morbi non quam nec dui luctus rutrum. Nulla tellus.', 'Maroon', 'Tammy', 'Tallie', '2022-09-16 06:54:06', '2023-05-06 19:57:37'),
('joo', 'Sed vel enim sit amet nunc viverra dapibus.', 'Praesent blandit. Nam nulla. Integer pede justo, lacinia eget, tincidunt eget, tempus vel, pede.', 'Indigo', 'Gipsy', 'Gawen', '2022-11-30 06:32:41', '2023-03-10 11:23:36'),
('joo', 'Donec posuere metus vitae ipsum.', 'Nulla ut erat id mauris vulputate elementum. Nullam varius. Nulla facilisi.', 'Fuscia', 'Faith', 'Perl', '2022-07-06 16:16:43', '2022-10-30 08:14:16'),
('joo', 'Morbi odio odio, elementum eu, interdum eu, tincidunt in, leo.', 'Maecenas tristique, est et tempus semper, est quam pharetra magna, ac consequat metus sapien ut nunc. Vestibulum ante ipsum primis in faucibus orci luctus et ultrices posuere cubilia Curae; Mauris viverra diam vitae quam. Suspendisse potenti.', null, 'Devinne', 'Rhody', '2023-06-28 21:43:48', '2022-11-17 15:49:31'),
('joo', 'Vestibulum ac est lacinia nisi venenatis tristique.', 'Curabitur at ipsum ac tellus semper interdum. Mauris ullamcorper purus sit amet nulla. Quisque arcu libero, rutrum ac, lobortis vel, dapibus at, diam.', 'Pink', 'Rosy', 'Jaquelin', '2023-02-25 12:49:04', '2022-12-03 22:07:58'),
('joo', 'Donec ut dolor.', 'Curabitur in libero ut massa volutpat convallis. Morbi odio odio, elementum eu, interdum eu, tincidunt in, leo. Maecenas pulvinar lobortis est.', 'Green', 'Izabel', 'Roi', '2023-02-04 13:30:54', '2023-01-14 18:52:36'),
('joo', 'Mauris lacinia sapien quis libero.', 'Sed ante. Vivamus tortor. Duis mattis egestas metus.', 'Maroon', 'Kirk', 'Dasya', '2022-11-15 12:54:19', '2022-11-09 09:49:12'),
('joo', 'Donec posuere metus vitae ipsum.', 'Curabitur gravida nisi at nibh. In hac habitasse platea dictumst. Aliquam augue quam, sollicitudin vitae, consectetuer eget, rutrum at, lorem.', 'Aquamarine', 'Kissiah', 'Clea', '2023-04-29 22:50:15', '2022-12-12 09:09:10'),
('joo', 'Ut at dolor quis odio consequat varius.', 'Sed sagittis. Nam congue, risus semper porta volutpat, quam pede lobortis ligula, sit amet eleifend pede libero quis orci. Nullam molestie nibh in lectus.', 'Pink', 'Giacopo', 'Keir', '2023-06-28 02:14:39', '2023-06-25 12:09:39'),
('joo', 'Vestibulum ante ipsum primis in faucibus orci luctus et ultrices posuere cubilia Curae; Donec pharetra, magna vestibulum aliquet ultrices, erat tortor sollicitudin mi, sit amet lobortis sapien sapien non mi.', 'Quisque id justo sit amet sapien dignissim vestibulum. Vestibulum ante ipsum primis in faucibus orci luctus et ultrices posuere cubilia Curae; Nulla dapibus dolor vel est. Donec odio justo, sollicitudin ut, suscipit a, feugiat et, eros.', 'Crimson', 'Luke', 'Dalia', '2023-04-07 13:29:32', '2022-09-14 17:43:42'),
('joo', 'Morbi sem mauris, laoreet ut, rhoncus aliquet, pulvinar sed, nisl.', 'Mauris enim leo, rhoncus sed, vestibulum sit amet, cursus id, turpis. Integer aliquet, massa id lobortis convallis, tortor risus dapibus augue, vel accumsan tellus nisi eu orci. Mauris lacinia sapien quis libero.', 'Violet', 'Mickie', 'Dionisio', '2023-04-06 14:12:22', '2023-06-24 18:06:29'),
('joo', 'Vivamus in felis eu sapien cursus vestibulum.', 'Sed ante. Vivamus tortor. Duis mattis egestas metus.', 'Goldenrod', 'Vevay', 'Bendicty', '2023-01-06 20:06:15', '2023-05-01 04:43:15'),
('joo', 'Integer a nibh.', 'Sed sagittis. Nam congue, risus semper porta volutpat, quam pede lobortis ligula, sit amet eleifend pede libero quis orci. Nullam molestie nibh in lectus.', 'Aquamarine', 'Jan', 'Melody', '2022-12-28 03:51:50', '2023-04-05 19:27:26'),
('joo', 'Vestibulum sed magna at nunc commodo placerat.', 'Cum sociis natoque penatibus et magnis dis parturient montes, nascetur ridiculus mus. Vivamus vestibulum sagittis sapien. Cum sociis natoque penatibus et magnis dis parturient montes, nascetur ridiculus mus.', 'Teal', 'Travis', 'Ceil', '2022-07-16 06:01:26', '2022-09-22 01:29:16'),
('joo', 'Duis at velit eu est congue elementum.', 'Lorem ipsum dolor sit amet, consectetuer adipiscing elit. Proin risus. Praesent lectus.', 'Purple', 'Mauricio', 'Emalee', '2022-10-26 22:45:20', '2022-09-11 05:43:12'),
('joo', 'Duis bibendum, felis sed interdum venenatis, turpis enim blandit mi, in porttitor pede justo eu massa.', 'Cras mi pede, malesuada in, imperdiet et, commodo vulputate, justo. In blandit ultrices enim. Lorem ipsum dolor sit amet, consectetuer adipiscing elit.', 'Fuscia', 'Emmey', 'Gabi', '2022-11-18 14:49:40', '2023-01-01 09:38:55'),
('joo', 'Mauris enim leo, rhoncus sed, vestibulum sit amet, cursus id, turpis.', 'Aliquam quis turpis eget elit sodales scelerisque. Mauris sit amet eros. Suspendisse accumsan tortor quis turpis.', 'Maroon', 'Essy', 'Addia', '2023-06-29 01:45:16', '2022-11-28 13:32:46'),
('joo', 'Vestibulum ante ipsum primis in faucibus orci luctus et ultrices posuere cubilia Curae; Nulla dapibus dolor vel est.', 'Phasellus sit amet erat. Nulla tempus. Vivamus in felis eu sapien cursus vestibulum.', null, 'Auberta', 'Hilly', '2022-08-17 12:55:08', '2023-03-15 08:25:54'),
('joo', 'In hac habitasse platea dictumst.', 'Duis bibendum. Morbi non quam nec dui luctus rutrum. Nulla tellus.', null, 'Noe', 'Creigh', '2022-08-01 12:13:58', '2022-09-04 10:39:01'),
('joo', 'Duis ac nibh.', 'Fusce posuere felis sed lacus. Morbi sem mauris, laoreet ut, rhoncus aliquet, pulvinar sed, nisl. Nunc rhoncus dui vel sem.', 'Pink', 'Quillan', 'Corette', '2023-05-02 22:52:57', '2023-06-02 20:19:11'),
('joo', 'Nulla suscipit ligula in lacus.', 'Nulla ut erat id mauris vulputate elementum. Nullam varius. Nulla facilisi.', 'Yellow', 'Maggy', 'Niki', '2022-11-30 15:44:09', '2023-03-26 09:20:08'),
('joo', 'Praesent id massa id nisl venenatis lacinia.', 'Morbi non lectus. Aliquam sit amet diam in magna bibendum imperdiet. Nullam orci pede, venenatis non, sodales sed, tincidunt eu, felis.', 'Green', 'Galen', 'Tess', '2023-05-29 14:06:50', '2022-12-06 09:39:39');

--- 댓긇 1000개
insert into article_comment (user_id, content, created_by, modified_by, created_at, modified_at, article_id) values
('a', 'Duis bibendum, felis sed interdum venenatis, turpis enim blandit mi, in porttitor pede justo eu massa.', 'Erma', 'Rollo', '2023-06-22 02:53:12', '2023-06-16 18:46:06', 41),
('a', 'Donec ut mauris eget massa tempor convallis.', 'Mylo', 'Marieann', '2023-01-12 16:45:00', '2022-08-24 06:07:38', 120),
('a', 'Cras non velit nec nisi vulputate nonummy.', 'Kass', 'Joeann', '2023-02-14 11:12:51', '2022-09-27 19:28:36', 20),
('joo', 'Etiam faucibus cursus urna.', 'Nancey', 'Eugenia', '2023-04-19 08:00:34', '2023-05-31 06:35:00', 55),
('joo', 'Vestibulum ante ipsum primis in faucibus orci luctus et ultrices posuere cubilia Curae; Nulla dapibus dolor vel est.', 'Alfons', 'Frederic', '2022-12-17 13:07:19', '2023-05-24 20:06:29', 64),
('joo', 'Integer tincidunt ante vel ipsum.', 'Karee', 'Marcille', '2023-05-08 06:29:31', '2023-06-11 23:17:43', 11),
('joo', 'Suspendisse accumsan tortor quis turpis.', 'Claudio', 'Sissie', '2023-01-16 02:33:54', '2022-08-08 17:53:11', 96),
('joo', 'Lorem ipsum dolor sit amet, consectetuer adipiscing elit.', 'Hana', 'Krisha', '2022-09-01 06:59:46', '2023-05-26 03:58:34', 43),
('joo', 'In hac habitasse platea dictumst.', 'Wynn', 'Grier', '2023-06-14 00:15:00', '2023-06-02 00:14:13', 95),
('joo', 'Praesent blandit lacinia erat.', 'Harland', 'Isis', '2022-08-16 16:37:36', '2022-07-21 05:29:40', 48),
('joo', 'Donec semper sapien a libero.', 'Robenia', 'Penelopa', '2022-11-10 15:27:51', '2022-12-01 08:37:57', 123),
('joo', 'In sagittis dui vel nisl.', 'Haily', 'Tyne', '2023-05-03 02:33:11', '2022-10-26 11:24:54', 22),
('joo', 'Proin at turpis a pede posuere nonummy.', 'Layton', 'Selena', '2023-06-13 23:04:06', '2023-06-06 14:55:02', 37),
('joo', 'Nam nulla.', 'Maud', 'Gerianna', '2022-09-02 18:00:50', '2023-05-14 19:43:59', 82),
('joo', 'In congue.', 'Fenelia', 'Milt', '2022-10-04 03:58:05', '2022-10-07 10:26:00', 88),
('joo', 'Quisque id justo sit amet sapien dignissim vestibulum.', 'Sven', 'Arlinda', '2023-03-10 18:26:04', '2023-02-19 16:09:12', 111),
('joo', 'Donec quis orci eget orci vehicula condimentum.', 'Eilis', 'Isabel', '2022-09-21 14:31:47', '2023-06-25 01:16:25', 13),
('joo', 'Sed vel enim sit amet nunc viverra dapibus.', 'Melita', 'Moria', '2022-08-15 07:54:34', '2022-12-11 10:47:23', 84),
('joo', 'Suspendisse potenti.', 'Gordan', 'Tamara', '2023-01-03 06:53:25', '2022-12-16 12:34:50', 11),
('joo', 'Cum sociis natoque penatibus et magnis dis parturient montes, nascetur ridiculus mus.', 'Sabrina', 'Tallou', '2022-10-09 14:23:11', '2023-01-15 08:18:01', 5),
('joo', 'Aliquam augue quam, sollicitudin vitae, consectetuer eget, rutrum at, lorem.', 'Ainslee', 'Beatriz', '2022-10-18 20:14:55', '2022-07-09 07:30:21', 71),
('joo', 'Integer ac neque.', 'Frasquito', 'Christiano', '2022-07-06 02:53:27', '2022-12-06 12:39:15', 30),
('joo', 'Proin interdum mauris non ligula pellentesque ultrices.', 'Katrine', 'Mandie', '2023-01-01 04:03:42', '2022-08-04 15:29:25', 106),
('joo', 'Nulla tellus.', 'Dania', 'Gabriell', '2023-01-10 01:56:38', '2023-01-20 22:09:02', 90),
('joo', 'Cras pellentesque volutpat dui.', 'Tatum', 'Lyn', '2023-06-03 15:01:29', '2023-02-22 07:59:19', 94),
('joo', 'Integer a nibh.', 'Mariquilla', 'Jacques', '2023-06-01 22:43:36', '2023-05-03 10:47:51', 59),
('joo', 'Vestibulum rutrum rutrum neque.', 'Harold', 'Brit', '2023-07-01 07:26:03', '2023-01-09 03:22:51', 13),
('joo', 'Nam congue, risus semper porta volutpat, quam pede lobortis ligula, sit amet eleifend pede libero quis orci.', 'Kellia', 'Tore', '2023-01-27 07:41:53', '2023-03-17 11:04:02', 17),
('joo', 'Aliquam erat volutpat.', 'Leticia', 'Raynell', '2022-12-16 09:47:40', '2023-01-05 09:08:33', 22),
('joo', 'Pellentesque eget nunc.', 'Jerry', 'Cissy', '2023-06-18 08:41:25', '2022-09-16 13:17:16', 3),
('joo', 'In tempor, turpis nec euismod scelerisque, quam turpis adipiscing lorem, vitae mattis nibh ligula nec sem.', 'Orel', 'Gianina', '2023-03-24 20:19:52', '2022-11-03 05:22:08', 10),
('joo', 'Fusce lacus purus, aliquet at, feugiat non, pretium quis, lectus.', 'Filberto', 'Robert', '2022-09-01 08:18:09', '2023-05-28 15:53:55', 86),
('joo', 'Vestibulum ac est lacinia nisi venenatis tristique.', 'Carlos', 'Omar', '2022-09-29 13:08:11', '2023-01-25 01:38:11', 16),
('joo', 'Nam nulla.', 'Aurea', 'Aylmer', '2022-08-25 02:35:51', '2023-06-29 19:31:52', 8),
('joo', 'Duis bibendum.', 'Dorree', 'Nelson', '2022-11-25 18:24:54', '2022-07-07 04:07:23', 24),
('joo', 'Duis aliquam convallis nunc.', 'Virgilio', 'Billie', '2023-03-30 06:12:19', '2022-09-23 17:08:24', 92),
('joo', 'Donec vitae nisi.', 'Bud', 'Sauveur', '2022-09-01 05:32:24', '2023-05-05 20:42:19', 114),
('joo', 'Integer ac neque.', 'Clarinda', 'Karry', '2023-05-02 07:04:59', '2023-03-19 10:36:17', 105),
('joo', 'Lorem ipsum dolor sit amet, consectetuer adipiscing elit.', 'Angie', 'Noelyn', '2023-01-19 14:18:52', '2023-04-18 05:56:59', 52),
('joo', 'In eleifend quam a odio.', 'Tucker', 'Alec', '2023-02-16 11:23:39', '2023-05-06 16:23:51', 105),
('joo', 'Vivamus tortor.', 'Alana', 'Shalne', '2023-04-12 04:05:55', '2023-02-25 16:33:39', 107),
('joo', 'Vestibulum ante ipsum primis in faucibus orci luctus et ultrices posuere cubilia Curae; Nulla dapibus dolor vel est.', 'Alessandra', 'Gleda', '2023-01-30 06:18:58', '2022-12-15 19:14:34', 56),
('joo', 'Nullam sit amet turpis elementum ligula vehicula consequat.', 'Adey', 'Sampson', '2023-06-05 23:50:00', '2022-08-01 13:16:35', 96),
('joo', 'Nullam molestie nibh in lectus.', 'Ransom', 'Felike', '2023-01-26 13:21:32', '2022-11-10 00:36:34', 115),
('joo', 'Donec quis orci eget orci vehicula condimentum.', 'Agustin', 'Emalia', '2022-07-11 05:51:08', '2023-05-31 07:45:56', 40),
('joo', 'Pellentesque at nulla.', 'Felisha', 'Theresina', '2023-06-23 06:16:43', '2022-07-12 22:37:00', 33),
('joo', 'Maecenas leo odio, condimentum id, luctus nec, molestie sed, justo.', 'Filia', 'Court', '2022-09-03 05:02:05', '2022-07-19 21:39:20', 88),
('joo', 'Quisque porta volutpat erat.', 'Ernest', 'Nadya', '2023-06-25 09:21:46', '2022-08-29 18:08:49', 16),
('joo', 'Nunc nisl.', 'Danika', 'Humfrid', '2022-12-21 11:04:47', '2023-02-04 05:32:22', 117),
('joo', 'Pellentesque eget nunc.', 'Normand', 'Prinz', '2022-09-29 00:34:39', '2023-07-02 19:34:21', 101),
('joo', 'Nulla tellus.', 'Christophe', 'Daveta', '2023-02-14 04:42:42', '2022-11-13 03:49:36', 106),
('joo', 'Etiam pretium iaculis justo.', 'Alphonse', 'Inez', '2022-09-07 02:13:10', '2022-12-22 23:14:20', 38),
('joo', 'Aenean sit amet justo.', 'Eugine', 'Marrilee', '2023-06-06 01:17:05', '2022-12-11 11:59:18', 39),
('joo', 'Maecenas ut massa quis augue luctus tincidunt.', 'Andriana', 'Avrit', '2022-10-30 13:53:56', '2023-03-03 10:26:33', 10),
('joo', 'Duis bibendum, felis sed interdum venenatis, turpis enim blandit mi, in porttitor pede justo eu massa.', 'Sharona', 'Kitty', '2022-11-11 02:01:39', '2023-03-22 04:36:44', 93),
('joo', 'Morbi non lectus.', 'Bendix', 'Gustav', '2023-01-20 16:45:26', '2022-10-03 12:55:42', 83),
('joo', 'Duis consequat dui nec nisi volutpat eleifend.', 'Baryram', 'Jasper', '2022-11-12 17:46:17', '2022-11-13 05:50:42', 108),
('joo', 'Duis at velit eu est congue elementum.', 'Samara', 'Vachel', '2023-03-07 20:38:07', '2023-03-17 11:52:35', 68),
('joo', 'Morbi vestibulum, velit id pretium iaculis, diam erat fermentum justo, nec condimentum neque sapien placerat ante.', 'Heidie', 'Ade', '2022-07-11 17:16:37', '2022-10-24 20:43:42', 4),
('joo', 'Suspendisse potenti.', 'Guss', 'Nicki', '2022-08-01 10:41:02', '2022-12-10 18:27:55', 79),
('joo', 'In hac habitasse platea dictumst.', 'Humfrey', 'Riobard', '2022-09-05 00:56:46', '2022-11-07 13:02:57', 26),
('joo', 'Mauris sit amet eros.', 'Shelton', 'Cece', '2023-01-07 00:03:12', '2022-08-09 23:04:28', 104),
('joo', 'Integer aliquet, massa id lobortis convallis, tortor risus dapibus augue, vel accumsan tellus nisi eu orci.', 'Rossie', 'Axe', '2022-12-14 00:48:51', '2022-12-19 02:36:38', 92),
('joo', 'In hac habitasse platea dictumst.', 'Zandra', 'Karlens', '2022-12-27 19:17:51', '2022-12-15 00:44:31', 110),
('joo', 'Quisque arcu libero, rutrum ac, lobortis vel, dapibus at, diam.', 'Harriette', 'Bianca', '2022-07-17 22:28:44', '2022-11-13 13:07:38', 28),
('joo', 'Nulla tempus.', 'Essy', 'Wilmar', '2022-12-16 13:29:03', '2022-11-11 16:17:40', 11),
('joo', 'Vestibulum ante ipsum primis in faucibus orci luctus et ultrices posuere cubilia Curae; Donec pharetra, magna vestibulum aliquet ultrices, erat tortor sollicitudin mi, sit amet lobortis sapien sapien non mi.', 'Trueman', 'Raquel', '2022-11-07 17:43:42', '2022-10-13 02:02:36', 89),
('joo', 'Nulla ac enim.', 'Gilli', 'Cozmo', '2022-07-29 14:35:28', '2023-02-09 05:20:22', 49),
('joo', 'Morbi odio odio, elementum eu, interdum eu, tincidunt in, leo.', 'Sashenka', 'Rosalind', '2022-10-09 10:00:49', '2023-04-04 05:40:29', 111),
('joo', 'Curabitur at ipsum ac tellus semper interdum.', 'Vince', 'Caleb', '2023-05-15 10:11:03', '2023-02-18 19:09:57', 25),
('joo', 'Nunc nisl.', 'Daisi', 'Gard', '2022-08-18 23:01:02', '2022-12-01 09:09:42', 89),
('joo', 'In quis justo.', 'Dunc', 'Kerianne', '2023-04-25 14:39:48', '2023-02-17 18:29:49', 73),
('joo', 'Pellentesque viverra pede ac diam.', 'Loralyn', 'Jenna', '2023-05-21 04:18:07', '2023-01-30 03:53:34', 8),
('joo', 'Morbi ut odio.', 'Lenette', 'Brandise', '2023-01-08 12:43:29', '2022-12-20 05:27:08', 98),
('joo', 'Duis bibendum.', 'Regan', 'Damiano', '2022-09-27 20:35:59', '2023-02-19 04:06:14', 100),
('joo', 'Morbi ut odio.', 'Ignacio', 'Eustace', '2023-06-25 19:59:02', '2022-12-11 18:57:32', 122),
('joo', 'Sed accumsan felis.', 'Vanna', 'Ethelin', '2022-09-29 19:49:24', '2023-01-06 15:35:08', 5),
('joo', 'Morbi ut odio.', 'Zenia', 'Jecho', '2023-05-02 14:09:34', '2022-07-07 22:08:48', 3),
('joo', 'Aliquam erat volutpat.', 'Inge', 'Dotti', '2023-06-29 18:29:23', '2023-01-09 11:38:48', 32),
('joo', 'In tempor, turpis nec euismod scelerisque, quam turpis adipiscing lorem, vitae mattis nibh ligula nec sem.', 'Iggy', 'Ysabel', '2022-07-10 09:45:32', '2022-12-01 16:35:32', 99),
('joo', 'Nulla facilisi.', 'Elisabet', 'Bronnie', '2023-02-07 03:06:29', '2023-04-29 05:15:12', 117),
('joo', 'Aliquam erat volutpat.', 'Tonya', 'Rod', '2022-11-17 07:56:33', '2022-12-17 01:07:51', 31),
('joo', 'Duis mattis egestas metus.', 'Massimo', 'Gustaf', '2023-05-26 11:11:54', '2023-03-31 15:52:30', 64),
('joo', 'Morbi vel lectus in quam fringilla rhoncus.', 'Reyna', 'Amelie', '2022-08-26 17:49:29', '2023-02-22 05:30:34', 102),
('joo', 'Quisque arcu libero, rutrum ac, lobortis vel, dapibus at, diam.', 'Callean', 'Jocelyne', '2022-09-06 04:51:23', '2022-12-02 22:49:10', 75),
('joo', 'Nullam orci pede, venenatis non, sodales sed, tincidunt eu, felis.', 'Sandra', 'Abner', '2022-10-03 02:56:31', '2022-07-11 07:40:54', 41),
('joo', 'Nullam orci pede, venenatis non, sodales sed, tincidunt eu, felis.', 'Claudius', 'Elliot', '2022-10-01 10:22:41', '2023-04-15 04:19:48', 38),
('joo', 'Ut tellus.', 'Ximenez', 'Rutger', '2022-10-12 02:06:21', '2023-02-11 16:56:35', 105),
('joo', 'Morbi a ipsum.', 'Art', 'Kalina', '2022-11-05 15:29:38', '2022-12-30 01:17:32', 116),
('joo', 'Phasellus id sapien in sapien iaculis congue.', 'Gertrud', 'Marjie', '2022-09-15 01:32:19', '2022-09-11 13:54:53', 65),
('joo', 'Praesent id massa id nisl venenatis lacinia.', 'Bondy', 'Dell', '2022-07-18 20:26:16', '2022-09-09 15:39:54', 66),
('joo', 'Suspendisse accumsan tortor quis turpis.', 'Emmet', 'Shantee', '2023-03-07 06:36:45', '2023-05-27 11:30:11', 87),
('joo', 'Praesent blandit lacinia erat.', 'Rossy', 'Obidiah', '2023-04-05 12:04:37', '2023-04-07 03:02:53', 18),
('joo', 'Integer pede justo, lacinia eget, tincidunt eget, tempus vel, pede.', 'Anatollo', 'Letti', '2022-09-20 14:35:57', '2023-03-05 04:19:04', 16),
('joo', 'Pellentesque at nulla.', 'Benedict', 'Artus', '2023-05-08 15:13:45', '2022-09-01 12:57:51', 79),
('joo', 'Duis bibendum.', 'Carrie', 'Glenna', '2023-01-31 15:43:58', '2023-03-09 18:07:07', 49),
('joo', 'Nulla facilisi.', 'Karlan', 'Karissa', '2023-03-16 13:04:41', '2023-05-01 19:51:11', 111),
('joo', 'Morbi non lectus.', 'Ingunna', 'Marita', '2022-12-09 11:34:48', '2022-12-01 01:20:30', 18),
('joo', 'Aliquam augue quam, sollicitudin vitae, consectetuer eget, rutrum at, lorem.', 'Eugene', 'Chrotoem', '2022-07-09 21:59:15', '2023-06-18 09:32:01', 89),
('joo', 'Mauris lacinia sapien quis libero.', 'Valeria', 'Torey', '2023-03-21 06:09:12', '2022-10-16 00:25:03', 60),
('joo', 'Nulla neque libero, convallis eget, eleifend luctus, ultricies eu, nibh.', 'Mathias', 'Wayland', '2023-06-02 12:59:26', '2023-06-04 15:15:15', 89),
('joo', 'Integer tincidunt ante vel ipsum.', 'Klement', 'Suki', '2022-09-22 18:15:48', '2023-06-12 07:07:56', 59),
('joo', 'Proin leo odio, porttitor id, consequat in, consequat ut, nulla.', 'Gerianna', 'Maia', '2022-09-17 22:44:40', '2022-11-07 21:30:55', 69),
('joo', 'Quisque porta volutpat erat.', 'Tadio', 'Barnabas', '2022-10-24 10:10:41', '2022-08-31 03:48:48', 17),
('joo', 'Maecenas leo odio, condimentum id, luctus nec, molestie sed, justo.', 'Elva', 'Callie', '2022-10-09 02:05:34', '2022-12-12 19:44:49', 46),
('joo', 'Fusce posuere felis sed lacus.', 'Fanni', 'Raff', '2023-04-29 01:25:46', '2022-10-30 14:24:47', 108),
('joo', 'Lorem ipsum dolor sit amet, consectetuer adipiscing elit.', 'Katya', 'Clare', '2023-01-12 01:19:10', '2022-12-23 14:36:29', 31),
('joo', 'Vivamus in felis eu sapien cursus vestibulum.', 'Benoit', 'Dyanne', '2023-06-12 05:57:08', '2023-03-07 06:17:15', 105),
('joo', 'Aliquam sit amet diam in magna bibendum imperdiet.', 'Siouxie', 'Xylia', '2023-03-03 04:47:18', '2022-07-22 16:44:35', 51),
('joo', 'Lorem ipsum dolor sit amet, consectetuer adipiscing elit.', 'Barn', 'Antonie', '2022-10-18 11:12:09', '2023-02-03 20:34:04', 37),
('joo', 'Integer ac leo.', 'Mile', 'Petra', '2023-02-17 02:43:22', '2023-04-21 03:44:59', 70),
('joo', 'Nullam sit amet turpis elementum ligula vehicula consequat.', 'Annamaria', 'Sharai', '2022-08-06 01:46:17', '2022-10-27 18:54:14', 58),
('joo', 'In hac habitasse platea dictumst.', 'Ogden', 'Koralle', '2023-02-11 21:19:11', '2022-10-17 05:30:54', 55),
('joo', 'Curabitur at ipsum ac tellus semper interdum.', 'Syman', 'Kassie', '2023-01-17 03:17:49', '2022-09-24 17:23:57', 47),
('joo', 'Fusce consequat.', 'Aland', 'Solly', '2023-05-30 07:56:31', '2023-07-04 20:36:40', 38),
('joo', 'Mauris sit amet eros.', 'Deena', 'Norbie', '2023-03-18 20:51:50', '2022-11-07 04:57:20', 6),
('joo', 'Nulla tempus.', 'Filbert', 'Cosette', '2023-02-09 17:47:39', '2022-12-01 14:35:13', 44),
('joo', 'Donec semper sapien a libero.', 'Effie', 'Murdock', '2023-06-03 12:21:02', '2023-05-03 07:05:43', 100),
('joo', 'Morbi ut odio.', 'Dell', 'Brett', '2023-04-17 11:09:54', '2022-12-12 10:08:38', 108),
('joo', 'Donec posuere metus vitae ipsum.', 'Evey', 'Nealy', '2022-12-17 09:01:30', '2023-05-18 13:24:41', 57),
('joo', 'Vivamus vestibulum sagittis sapien.', 'Elie', 'Dorthy', '2023-02-15 16:56:39', '2023-04-27 05:06:37', 73),
('joo', 'Duis ac nibh.', 'Wilfred', 'Ulla', '2023-04-17 08:58:13', '2022-08-02 03:02:34', 41),
('joo', 'Sed accumsan felis.', 'Nicholle', 'Cecilio', '2023-02-17 21:54:05', '2023-05-27 20:55:48', 19),
('joo', 'Suspendisse potenti.', 'Tony', 'Edgard', '2022-12-22 22:19:27', '2022-09-13 13:33:15', 107),
('joo', 'Morbi a ipsum.', 'Perri', 'Rosemonde', '2023-01-11 01:40:51', '2023-01-17 00:54:25', 23),
('joo', 'Proin at turpis a pede posuere nonummy.', 'Edythe', 'Farica', '2023-01-08 09:55:07', '2022-08-06 09:36:47', 103),
('joo', 'Nullam molestie nibh in lectus.', 'Alicea', 'Denni', '2022-08-29 13:34:44', '2022-09-24 08:48:40', 73),
('joo', 'Praesent id massa id nisl venenatis lacinia.', 'Lara', 'Lynnell', '2023-06-11 02:54:06', '2022-07-31 04:25:52', 15),
('joo', 'Nam nulla.', 'Cam', 'Tabbatha', '2022-12-12 18:35:23', '2023-02-20 02:38:23', 34),
('joo', 'Mauris enim leo, rhoncus sed, vestibulum sit amet, cursus id, turpis.', 'Murdock', 'Rae', '2022-12-30 20:23:52', '2023-05-21 13:08:21', 86),
('joo', 'Nullam porttitor lacus at turpis.', 'Reider', 'Carina', '2023-01-11 11:22:24', '2022-11-07 00:17:57', 30),
('joo', 'Donec quis orci eget orci vehicula condimentum.', 'Marjy', 'Gale', '2022-08-12 18:03:28', '2023-06-22 07:00:50', 12),
('joo', 'Quisque porta volutpat erat.', 'Kip', 'Perren', '2023-02-07 18:28:33', '2023-05-19 12:29:15', 12),
('joo', 'Aliquam quis turpis eget elit sodales scelerisque.', 'Beale', 'Staffard', '2023-04-20 16:13:54', '2022-12-08 23:47:06', 75),
('joo', 'Maecenas tincidunt lacus at velit.', 'Armstrong', 'Aurilia', '2023-06-30 17:28:47', '2022-09-08 18:49:39', 122),
('joo', 'Nam tristique tortor eu pede.', 'Jacques', 'Helge', '2023-05-05 02:53:04', '2022-09-14 06:04:49', 88),
('joo', 'Aenean auctor gravida sem.', 'Roberto', 'Dorey', '2023-06-13 19:43:00', '2023-06-28 03:39:42', 119),
('joo', 'Suspendisse potenti.', 'Iain', 'Amelina', '2023-06-20 14:43:23', '2023-02-15 05:05:46', 33),
('joo', 'Pellentesque eget nunc.', 'Evie', 'Bathsheba', '2023-03-24 09:55:28', '2022-10-13 12:20:07', 55),
('joo', 'Donec posuere metus vitae ipsum.', 'Erika', 'Emanuele', '2022-07-19 10:10:38', '2022-11-12 06:24:28', 60),
('joo', 'Vestibulum ante ipsum primis in faucibus orci luctus et ultrices posuere cubilia Curae; Duis faucibus accumsan odio.', 'Gregoor', 'Robinett', '2023-01-31 21:20:37', '2022-12-30 11:43:15', 41),
('joo', 'Suspendisse ornare consequat lectus.', 'Aldis', 'Tamera', '2022-09-29 04:56:04', '2022-11-25 12:32:12', 58),
('joo', 'Etiam justo.', 'Israel', 'Brodie', '2022-09-30 19:06:38', '2022-11-24 08:20:16', 95),
('joo', 'Nulla tempus.', 'Giuseppe', 'Elwin', '2023-05-20 15:16:23', '2022-08-12 15:32:29', 82),
('joo', 'Vestibulum ac est lacinia nisi venenatis tristique.', 'Inger', 'Mead', '2022-09-24 04:22:51', '2022-09-24 22:00:37', 90),
('joo', 'Morbi vel lectus in quam fringilla rhoncus.', 'Vannie', 'Ardys', '2023-01-15 05:18:05', '2023-04-05 18:58:22', 1),
('joo', 'Vivamus vestibulum sagittis sapien.', 'Genevra', 'Josee', '2022-10-23 19:40:26', '2022-07-10 14:29:58', 119),
('joo', 'Phasellus id sapien in sapien iaculis congue.', 'Charlean', 'Lowrance', '2023-06-20 10:53:11', '2023-02-05 04:36:39', 83),
('joo', 'Praesent lectus.', 'Gaylord', 'Arnaldo', '2022-07-10 10:44:42', '2023-06-08 18:39:59', 17),
('joo', 'Fusce consequat.', 'Joellyn', 'Ashley', '2022-11-10 12:11:17', '2022-12-03 09:19:15', 49),
('joo', 'In congue.', 'Melisandra', 'Shelby', '2022-11-19 09:22:09', '2022-07-21 14:48:58', 17),
('joo', 'Pellentesque eget nunc.', 'Philomena', 'Lock', '2022-07-10 16:26:54', '2022-12-08 09:22:06', 8),
('joo', 'Curabitur in libero ut massa volutpat convallis.', 'Jacqueline', 'Bee', '2023-05-26 16:48:21', '2022-10-25 17:51:00', 98),
('joo', 'Integer aliquet, massa id lobortis convallis, tortor risus dapibus augue, vel accumsan tellus nisi eu orci.', 'Faunie', 'Darlene', '2022-10-30 18:15:24', '2022-09-14 21:22:59', 95),
('joo', 'Curabitur in libero ut massa volutpat convallis.', 'Kelly', 'Felicdad', '2023-02-02 15:00:52', '2023-01-19 14:22:19', 40),
('joo', 'Nam dui.', 'Zorana', 'Serge', '2023-03-25 04:25:41', '2023-02-15 20:35:28', 4),
('joo', 'Vivamus tortor.', 'Bogey', 'Hewett', '2023-04-16 01:14:23', '2022-10-20 06:23:33', 43),
('joo', 'Nunc purus.', 'Mariska', 'Clarisse', '2022-12-26 10:06:32', '2023-03-04 08:36:01', 51),
('joo', 'Mauris enim leo, rhoncus sed, vestibulum sit amet, cursus id, turpis.', 'Monique', 'Julissa', '2023-02-24 02:21:16', '2023-03-10 17:47:58', 92),
('joo', 'In hac habitasse platea dictumst.', 'Benjie', 'Wilburt', '2022-12-10 21:25:13', '2022-08-26 20:14:38', 79),
('joo', 'Vestibulum ante ipsum primis in faucibus orci luctus et ultrices posuere cubilia Curae; Nulla dapibus dolor vel est.', 'Zebulen', 'Sibyl', '2022-12-20 03:02:45', '2023-06-15 11:05:41', 98),
('joo', 'Vivamus metus arcu, adipiscing molestie, hendrerit at, vulputate vitae, nisl.', 'Debee', 'Zia', '2023-04-02 17:25:43', '2023-06-29 18:33:24', 107),
('joo', 'Sed accumsan felis.', 'Ardith', 'Katy', '2022-11-18 12:00:11', '2022-09-09 05:43:37', 68),
('joo', 'Sed ante.', 'Anstice', 'Zackariah', '2022-09-17 08:32:27', '2023-04-19 15:52:48', 36),
('joo', 'Nam tristique tortor eu pede.', 'Caryl', 'Murry', '2023-06-05 00:39:43', '2023-03-22 08:49:43', 85),
('joo', 'Vivamus vestibulum sagittis sapien.', 'Sandy', 'Horst', '2022-11-28 09:11:12', '2022-09-13 18:19:17', 38),
('joo', 'Maecenas leo odio, condimentum id, luctus nec, molestie sed, justo.', 'Caldwell', 'Bail', '2023-02-06 20:24:53', '2022-09-21 23:52:47', 111),
('joo', 'Etiam justo.', 'Sabine', 'Cull', '2023-04-11 22:33:00', '2023-05-13 04:34:19', 50),
('joo', 'Vivamus tortor.', 'Patten', 'Rivy', '2022-11-08 14:50:21', '2023-03-29 00:10:09', 113),
('joo', 'Ut at dolor quis odio consequat varius.', 'Phyllys', 'Alexei', '2022-12-09 21:46:33', '2022-09-14 12:49:02', 69),
('joo', 'Duis mattis egestas metus.', 'Garv', 'Romonda', '2022-09-13 08:01:35', '2022-11-28 08:15:53', 116),
('joo', 'In eleifend quam a odio.', 'Dede', 'Lenora', '2023-05-03 21:11:51', '2023-01-02 20:05:00', 57),
('joo', 'Cras pellentesque volutpat dui.', 'Odie', 'Dolf', '2022-08-10 23:36:05', '2022-09-24 11:09:01', 41),
('joo', 'In blandit ultrices enim.', 'Fan', 'Colette', '2023-03-09 15:15:56', '2022-08-07 08:03:50', 30),
('joo', 'Vestibulum ante ipsum primis in faucibus orci luctus et ultrices posuere cubilia Curae; Donec pharetra, magna vestibulum aliquet ultrices, erat tortor sollicitudin mi, sit amet lobortis sapien sapien non mi.', 'Demetris', 'Lolita', '2022-12-12 13:02:11', '2022-09-25 13:41:42', 14),
('joo', 'In blandit ultrices enim.', 'Vivie', 'Casey', '2022-09-10 04:02:58', '2023-06-25 16:56:57', 71),
('joo', 'Nam tristique tortor eu pede.', 'Shelley', 'Erie', '2023-06-03 01:29:26', '2023-05-22 08:58:26', 99),
('joo', 'Nam ultrices, libero non mattis pulvinar, nulla pede ullamcorper augue, a suscipit nulla elit ac nulla.', 'Bobbye', 'Baxie', '2023-01-03 03:23:39', '2023-04-06 10:27:13', 117),
('joo', 'Vivamus in felis eu sapien cursus vestibulum.', 'Viviene', 'Dalton', '2022-09-11 12:33:56', '2022-07-25 16:30:55', 4),
('joo', 'Morbi vestibulum, velit id pretium iaculis, diam erat fermentum justo, nec condimentum neque sapien placerat ante.', 'Aurelie', 'Rebeka', '2022-12-05 21:11:10', '2023-02-24 04:31:59', 100),
('joo', 'Nullam varius.', 'Mel', 'Afton', '2022-12-03 22:19:05', '2023-03-12 02:45:10', 77),
('joo', 'Cras in purus eu magna vulputate luctus.', 'Codie', 'Afton', '2022-10-29 11:43:15', '2022-08-14 23:19:29', 22),
('joo', 'Nam ultrices, libero non mattis pulvinar, nulla pede ullamcorper augue, a suscipit nulla elit ac nulla.', 'Sonia', 'Mason', '2022-10-20 09:57:48', '2022-08-24 14:11:36', 15),
('joo', 'Mauris lacinia sapien quis libero.', 'Allis', 'Giustina', '2022-12-30 12:14:51', '2022-10-02 22:59:34', 14),
('joo', 'Sed sagittis.', 'Kenna', 'Zechariah', '2023-06-13 16:07:50', '2022-12-12 19:57:43', 77),
('joo', 'Praesent blandit lacinia erat.', 'Mildrid', 'Warner', '2022-10-29 11:42:31', '2023-04-15 22:10:26', 82),
('joo', 'Fusce posuere felis sed lacus.', 'Angel', 'Caspar', '2023-05-10 15:45:50', '2022-08-14 17:03:57', 106),
('joo', 'Donec odio justo, sollicitudin ut, suscipit a, feugiat et, eros.', 'Sean', 'Millie', '2022-07-31 16:17:35', '2023-02-02 04:14:42', 60),
('joo', 'Morbi vestibulum, velit id pretium iaculis, diam erat fermentum justo, nec condimentum neque sapien placerat ante.', 'Arny', 'Annamaria', '2023-05-03 11:46:19', '2023-03-15 13:46:46', 98),
('joo', 'Vestibulum ante ipsum primis in faucibus orci luctus et ultrices posuere cubilia Curae; Nulla dapibus dolor vel est.', 'Edi', 'Selby', '2022-12-08 08:30:45', '2022-11-02 15:56:31', 27),
('joo', 'Phasellus id sapien in sapien iaculis congue.', 'Leta', 'Romona', '2023-02-23 23:50:44', '2022-09-21 22:49:25', 111),
('joo', 'Suspendisse potenti.', 'Charley', 'Raina', '2022-09-02 19:23:25', '2023-03-04 07:56:38', 16),
('joo', 'Nam tristique tortor eu pede.', 'Lynne', 'Francklin', '2022-08-19 17:16:14', '2023-06-21 11:55:50', 96),
('joo', 'Nullam molestie nibh in lectus.', 'Ezri', 'Maude', '2022-12-05 23:14:23', '2023-02-24 06:46:21', 42),
('joo', 'Duis bibendum.', 'Bail', 'Tanny', '2022-09-04 09:32:07', '2023-04-06 03:37:38', 79),
('joo', 'Donec semper sapien a libero.', 'Isiahi', 'Herc', '2023-04-07 04:24:46', '2023-02-26 16:10:13', 4),
('joo', 'Maecenas ut massa quis augue luctus tincidunt.', 'Athene', 'Caty', '2022-08-16 13:32:16', '2023-04-01 16:01:37', 32),
('joo', 'In est risus, auctor sed, tristique in, tempus sit amet, sem.', 'Trefor', 'Doris', '2023-01-26 08:07:30', '2023-05-27 09:09:10', 76),
('joo', 'Nullam molestie nibh in lectus.', 'Rutger', 'Kaye', '2022-09-07 13:58:11', '2022-11-15 01:26:04', 12),
('joo', 'Nam nulla.', 'Donavon', 'Guy', '2022-08-08 00:52:51', '2023-01-09 17:05:02', 86),
('joo', 'Praesent blandit.', 'Emilia', 'Edith', '2023-03-19 07:13:24', '2023-05-29 13:35:04', 10),
('joo', 'Nullam sit amet turpis elementum ligula vehicula consequat.', 'Nolan', 'Shayne', '2023-06-02 21:34:44', '2022-12-17 18:44:12', 39),
('joo', 'Pellentesque ultrices mattis odio.', 'Dena', 'Guss', '2023-01-31 10:27:15', '2023-03-30 08:24:47', 109),
('joo', 'Duis bibendum, felis sed interdum venenatis, turpis enim blandit mi, in porttitor pede justo eu massa.', 'Roze', 'Gusty', '2023-05-16 13:32:08', '2023-03-12 00:42:55', 3),
('joo', 'In sagittis dui vel nisl.', 'Marlane', 'Callida', '2023-01-18 06:12:23', '2022-08-30 13:58:17', 19),
('joo', 'Cum sociis natoque penatibus et magnis dis parturient montes, nascetur ridiculus mus.', 'Dotti', 'Kenon', '2023-05-14 15:54:52', '2022-12-25 11:11:43', 71),
('joo', 'Nunc purus.', 'Aeriela', 'Bent', '2022-11-21 03:20:42', '2023-04-10 20:15:12', 94),
('joo', 'Duis ac nibh.', 'Lorene', 'Cristina', '2023-04-09 11:55:09', '2022-08-23 23:52:27', 15),
('joo', 'Quisque id justo sit amet sapien dignissim vestibulum.', 'Charissa', 'Odille', '2022-09-23 00:21:01', '2022-11-19 23:50:27', 104),
('joo', 'Morbi odio odio, elementum eu, interdum eu, tincidunt in, leo.', 'Agna', 'Rayna', '2023-05-20 12:59:50', '2022-08-31 22:04:35', 59),
('joo', 'Praesent blandit lacinia erat.', 'Tailor', 'Kennan', '2023-02-05 22:30:24', '2023-05-09 12:04:44', 53),
('joo', 'Nunc purus.', 'Andree', 'Sanford', '2022-10-18 04:29:04', '2022-11-04 03:51:47', 62),
('joo', 'Integer non velit.', 'Kippie', 'Maud', '2023-01-20 12:42:05', '2022-12-08 02:06:56', 32),
('joo', 'Maecenas ut massa quis augue luctus tincidunt.', 'Penny', 'Bendick', '2022-12-01 12:18:04', '2023-01-06 04:22:41', 62),
('joo', 'Maecenas rhoncus aliquam lacus.', 'Shelbi', 'Tedra', '2022-10-27 15:37:28', '2022-12-23 04:12:22', 20),
('joo', 'Nullam varius.', 'Amelie', 'Winny', '2023-01-09 23:53:50', '2022-07-10 15:30:18', 92),
('joo', 'Etiam vel augue.', 'Alyosha', 'Maximilien', '2023-02-21 16:39:49', '2023-04-15 13:17:46', 61),
('joo', 'Lorem ipsum dolor sit amet, consectetuer adipiscing elit.', 'Barrie', 'Sonia', '2023-01-05 15:54:52', '2022-12-22 19:33:31', 84),
('joo', 'Pellentesque ultrices mattis odio.', 'Armin', 'Gracia', '2023-06-13 19:25:54', '2022-08-06 20:59:07', 100),
('joo', 'Cras mi pede, malesuada in, imperdiet et, commodo vulputate, justo.', 'Lavinie', 'Neely', '2022-12-06 09:54:49', '2023-01-12 12:52:46', 84),
('joo', 'Proin leo odio, porttitor id, consequat in, consequat ut, nulla.', 'Dorthea', 'Reynold', '2023-01-06 19:21:40', '2023-02-20 11:41:22', 66),
('joo', 'Proin eu mi.', 'Russ', 'Trude', '2023-01-12 10:06:01', '2023-06-05 09:29:07', 107),
('joo', 'Integer pede justo, lacinia eget, tincidunt eget, tempus vel, pede.', 'Maurits', 'Jim', '2023-04-24 08:46:51', '2023-02-05 02:30:03', 89),
('joo', 'Nulla ac enim.', 'Vallie', 'Dolores', '2023-03-31 16:15:36', '2023-02-28 17:19:02', 78),
('joo', 'Suspendisse potenti.', 'Dory', 'Lyman', '2023-04-21 09:00:00', '2023-05-21 07:06:33', 112),
('joo', 'Donec ut mauris eget massa tempor convallis.', 'Nesta', 'Roanna', '2022-10-27 00:24:03', '2022-09-29 06:53:37', 121),
('joo', 'Vestibulum rutrum rutrum neque.', 'Ossie', 'Zitella', '2022-10-30 11:33:59', '2022-09-29 17:47:58', 76),
('joo', 'Duis mattis egestas metus.', 'Ekaterina', 'Cullen', '2022-09-13 13:02:00', '2022-09-04 03:51:30', 43),
('joo', 'Vivamus tortor.', 'Norry', 'Halli', '2022-07-24 05:40:50', '2022-10-08 03:25:01', 42),
('joo', 'Morbi sem mauris, laoreet ut, rhoncus aliquet, pulvinar sed, nisl.', 'Sascha', 'Camile', '2022-09-06 04:41:37', '2022-08-31 23:31:18', 25),
('joo', 'Donec semper sapien a libero.', 'Margalit', 'Patrizia', '2023-06-14 06:19:18', '2022-08-16 00:17:56', 23),
('joo', 'Fusce lacus purus, aliquet at, feugiat non, pretium quis, lectus.', 'Gunilla', 'Nikolai', '2023-01-01 02:38:37', '2023-03-25 04:01:52', 20),
('joo', 'Vestibulum ante ipsum primis in faucibus orci luctus et ultrices posuere cubilia Curae; Nulla dapibus dolor vel est.', 'Frans', 'Sandie', '2022-10-22 02:53:14', '2023-04-04 04:50:54', 31),
('joo', 'Aliquam erat volutpat.', 'Clevie', 'Cyndie', '2023-02-13 13:57:25', '2023-04-10 18:58:17', 33),
('joo', 'Quisque ut erat.', 'Jessalin', 'Tedie', '2023-06-21 12:08:30', '2022-09-03 16:10:14', 60),
('joo', 'In quis justo.', 'Colline', 'Rouvin', '2022-11-05 07:54:41', '2022-11-03 14:55:06', 77),
('joo', 'Aliquam sit amet diam in magna bibendum imperdiet.', 'Elke', 'Heather', '2023-03-18 19:02:09', '2022-09-28 12:42:31', 102),
('joo', 'Nulla ut erat id mauris vulputate elementum.', 'Pegeen', 'Natty', '2022-08-31 20:01:52', '2023-01-22 06:29:19', 87),
('joo', 'Vivamus vel nulla eget eros elementum pellentesque.', 'Wrennie', 'Wilden', '2022-10-07 00:06:58', '2023-06-21 15:09:00', 120),
('joo', 'In congue.', 'Rosemonde', 'Chandra', '2023-02-23 02:49:48', '2022-08-12 13:40:51', 103),
('joo', 'In eleifend quam a odio.', 'Curtis', 'Edna', '2022-11-17 01:25:12', '2022-08-29 12:10:12', 102),
('joo', 'Suspendisse ornare consequat lectus.', 'Joyan', 'Laurie', '2023-05-06 05:20:01', '2023-05-31 03:45:08', 75),
('joo', 'Morbi non quam nec dui luctus rutrum.', 'Debbi', 'Enrichetta', '2022-11-15 06:41:49', '2023-04-01 10:41:14', 35),
('joo', 'Mauris lacinia sapien quis libero.', 'Denney', 'Bradford', '2022-09-14 05:02:03', '2022-10-01 09:13:50', 58),
('joo', 'Quisque id justo sit amet sapien dignissim vestibulum.', 'Caresa', 'Caressa', '2023-02-15 03:15:01', '2023-05-19 04:17:55', 97),
('joo', 'Phasellus sit amet erat.', 'Krysta', 'Annice', '2023-05-10 00:46:14', '2022-10-12 00:18:47', 58),
('joo', 'Duis at velit eu est congue elementum.', 'Ronny', 'Ransell', '2022-09-30 14:45:46', '2023-06-05 12:00:54', 14),
('joo', 'Nulla justo.', 'Mellisa', 'Jordan', '2022-12-05 14:01:21', '2023-06-30 07:46:16', 71),
('joo', 'Phasellus id sapien in sapien iaculis congue.', 'Martina', 'Nicholle', '2023-02-23 09:09:59', '2022-12-24 02:47:12', 112),
('joo', 'Nullam molestie nibh in lectus.', 'Rubi', 'Oby', '2023-07-03 16:49:40', '2023-01-04 11:25:40', 49),
('joo', 'In eleifend quam a odio.', 'Bonnee', 'Heidi', '2022-07-19 21:00:01', '2023-01-01 12:10:16', 113),
('joo', 'Nulla tempus.', 'Marcelia', 'Fanchon', '2022-09-27 23:34:32', '2022-12-18 23:11:25', 27),
('joo', 'Donec quis orci eget orci vehicula condimentum.', 'Bendite', 'Gonzales', '2022-08-18 01:47:54', '2022-10-04 13:05:34', 3),
('joo', 'Quisque ut erat.', 'Randi', 'Annette', '2023-01-05 15:48:01', '2023-03-09 06:36:34', 57),
('joo', 'Vivamus vestibulum sagittis sapien.', 'Andeee', 'Rebe', '2023-06-10 05:31:21', '2023-01-16 11:04:14', 98),
('joo', 'Morbi vel lectus in quam fringilla rhoncus.', 'Torie', 'Lars', '2022-11-29 13:58:34', '2022-09-27 01:12:57', 108),
('joo', 'Donec dapibus.', 'Laina', 'Faulkner', '2022-11-29 18:07:46', '2022-07-12 08:47:26', 34),
('joo', 'Praesent id massa id nisl venenatis lacinia.', 'Martino', 'Rosalyn', '2023-05-31 09:30:53', '2022-12-31 18:11:26', 59),
('joo', 'Donec semper sapien a libero.', 'Sigfrid', 'Cassius', '2022-11-21 21:40:42', '2022-07-08 11:04:04', 87),
('joo', 'Praesent blandit.', 'Barney', 'Philis', '2023-02-08 09:28:42', '2022-09-11 07:09:57', 86),
('joo', 'Aenean lectus.', 'Adelaida', 'Marybelle', '2023-05-18 21:56:32', '2023-06-23 10:25:20', 43),
('joo', 'Vivamus vestibulum sagittis sapien.', 'Lindi', 'Darby', '2023-02-28 11:06:25', '2023-04-05 13:27:18', 22),
('joo', 'Morbi odio odio, elementum eu, interdum eu, tincidunt in, leo.', 'Matty', 'Laureen', '2022-09-11 21:03:56', '2023-03-04 13:12:41', 19),
('joo', 'Morbi ut odio.', 'Reginauld', 'Latrena', '2023-01-11 18:15:32', '2023-03-28 10:54:31', 111),
('joo', 'Nulla ac enim.', 'Mart', 'Eleni', '2022-09-23 18:37:42', '2023-01-10 16:56:40', 15),
('joo', 'Morbi porttitor lorem id ligula.', 'Trent', 'Lydon', '2023-06-04 06:01:14', '2023-03-23 12:15:04', 97),
('joo', 'Nullam varius.', 'Crin', 'Maddie', '2022-07-20 06:58:43', '2022-09-02 04:25:50', 29),
('joo', 'Etiam pretium iaculis justo.', 'Demetris', 'Hill', '2023-05-05 19:04:26', '2023-01-21 08:29:26', 24),
('joo', 'Donec ut mauris eget massa tempor convallis.', 'Jeanine', 'Dorry', '2023-05-05 13:42:49', '2023-04-22 18:48:52', 13),
('joo', 'Morbi quis tortor id nulla ultrices aliquet.', 'Marris', 'Bink', '2022-11-26 09:32:15', '2023-04-10 12:08:54', 76),
('joo', 'Duis at velit eu est congue elementum.', 'Bartholomeo', 'Karen', '2023-04-02 06:42:30', '2022-09-28 07:11:24', 103),
('joo', 'Proin eu mi.', 'Wittie', 'Delcina', '2023-03-25 18:36:04', '2022-10-22 13:58:02', 118),
('joo', 'Nulla justo.', 'Banky', 'Bunnie', '2023-03-23 03:35:42', '2022-08-04 20:09:15', 24),
('joo', 'Sed accumsan felis.', 'Ryann', 'Rikki', '2023-06-06 08:08:33', '2022-08-02 05:06:52', 104),
('joo', 'Nunc nisl.', 'Maude', 'Joyan', '2023-01-17 09:06:58', '2023-05-23 03:30:59', 4),
('joo', 'Vestibulum quam sapien, varius ut, blandit non, interdum in, ante.', 'Kelsi', 'Ingaberg', '2023-04-18 06:41:28', '2023-06-08 06:23:26', 52),
('joo', 'Maecenas rhoncus aliquam lacus.', 'Giovanna', 'Avery', '2022-07-25 15:29:43', '2022-10-06 13:42:41', 53),
('joo', 'Sed accumsan felis.', 'William', 'Celine', '2022-08-19 06:13:49', '2022-12-19 11:11:03', 108),
('joo', 'Donec quis orci eget orci vehicula condimentum.', 'Boycey', 'Ossie', '2023-05-04 03:01:26', '2023-03-04 03:38:46', 72),
('joo', 'Cras in purus eu magna vulputate luctus.', 'Brinn', 'Kirsten', '2023-05-20 08:50:58', '2023-05-07 18:16:44', 42),
('joo', 'Vestibulum ac est lacinia nisi venenatis tristique.', 'Dukey', 'Jodi', '2022-07-19 11:43:59', '2022-09-13 02:32:58', 85),
('joo', 'Nunc rhoncus dui vel sem.', 'Norbie', 'Chad', '2023-01-28 00:58:35', '2023-02-08 21:00:15', 58),
('joo', 'Suspendisse accumsan tortor quis turpis.', 'Webb', 'Gradeigh', '2022-11-25 01:02:36', '2022-12-10 02:42:48', 31),
('joo', 'Morbi odio odio, elementum eu, interdum eu, tincidunt in, leo.', 'Gorden', 'Elva', '2023-01-31 12:51:18', '2022-12-14 17:56:13', 114),
('joo', 'Fusce lacus purus, aliquet at, feugiat non, pretium quis, lectus.', 'Orin', 'Shandee', '2022-10-23 06:34:50', '2023-04-27 16:13:44', 69),
('joo', 'Pellentesque ultrices mattis odio.', 'Sanders', 'Stillmann', '2023-05-25 17:19:16', '2023-02-15 19:54:48', 116),
('joo', 'Nam nulla.', 'Buddie', 'Maure', '2023-05-02 21:15:28', '2022-08-13 06:05:10', 112),
('joo', 'Etiam pretium iaculis justo.', 'Holly', 'Alfredo', '2022-11-04 09:35:16', '2023-01-17 07:44:32', 21),
('joo', 'Mauris enim leo, rhoncus sed, vestibulum sit amet, cursus id, turpis.', 'Esme', 'Hansiain', '2023-03-25 19:30:38', '2023-01-01 04:56:23', 12),
('joo', 'Fusce posuere felis sed lacus.', 'Imojean', 'Kanya', '2022-11-28 16:42:46', '2022-10-02 11:55:29', 4),
('joo', 'Morbi quis tortor id nulla ultrices aliquet.', 'Edd', 'Chic', '2023-06-14 23:04:07', '2023-02-06 20:07:52', 78),
('joo', 'In est risus, auctor sed, tristique in, tempus sit amet, sem.', 'Franz', 'Lorrie', '2022-07-22 21:04:30', '2022-07-20 14:14:17', 113),
('joo', 'Cras mi pede, malesuada in, imperdiet et, commodo vulputate, justo.', 'Diann', 'Shaw', '2023-03-14 03:31:23', '2022-12-21 12:16:44', 108),
('joo', 'Cum sociis natoque penatibus et magnis dis parturient montes, nascetur ridiculus mus.', 'Marlie', 'Elisha', '2022-10-20 12:59:53', '2023-05-31 14:40:12', 28),
('joo', 'Pellentesque at nulla.', 'Lauretta', 'Mylo', '2022-12-02 02:31:13', '2023-02-22 05:53:14', 101),
('joo', 'Morbi vestibulum, velit id pretium iaculis, diam erat fermentum justo, nec condimentum neque sapien placerat ante.', 'Rianon', 'Roselia', '2023-05-05 10:00:18', '2023-02-22 10:00:13', 41),
('joo', 'Vivamus tortor.', 'Elaine', 'Trey', '2023-02-09 19:54:45', '2023-05-11 14:01:13', 112),
('joo', 'Aliquam quis turpis eget elit sodales scelerisque.', 'Bobbie', 'Malcolm', '2023-05-10 18:54:18', '2022-12-02 06:19:31', 45),
('joo', 'Morbi porttitor lorem id ligula.', 'Candis', 'Marylinda', '2022-07-31 13:13:35', '2022-10-13 19:11:44', 92),
('joo', 'In hac habitasse platea dictumst.', 'Yves', 'Lauree', '2023-04-25 12:11:40', '2022-09-04 14:15:13', 9),
('joo', 'Phasellus id sapien in sapien iaculis congue.', 'Rockwell', 'Augustine', '2023-02-03 07:45:08', '2023-06-06 09:45:12', 28),
('joo', 'Nunc nisl.', 'Lesli', 'Giffy', '2022-12-17 04:18:03', '2023-05-20 09:41:39', 117),
('joo', 'Mauris enim leo, rhoncus sed, vestibulum sit amet, cursus id, turpis.', 'Creigh', 'Danya', '2023-02-13 18:32:44', '2022-12-27 08:41:59', 81),
('joo', 'Morbi non lectus.', 'Gennie', 'Prudence', '2023-04-12 02:01:36', '2023-02-08 06:27:48', 56),
('joo', 'Duis mattis egestas metus.', 'Kleon', 'Edeline', '2023-05-28 08:04:32', '2023-07-02 22:21:40', 117),
('joo', 'Vestibulum quam sapien, varius ut, blandit non, interdum in, ante.', 'Brennen', 'Sonja', '2022-08-23 07:44:11', '2023-04-23 18:53:33', 72),
('joo', 'Suspendisse potenti.', 'Melodie', 'Shannon', '2022-10-25 22:19:11', '2022-11-01 18:40:18', 119),
('joo', 'In eleifend quam a odio.', 'Donavon', 'Reube', '2023-06-26 06:16:13', '2022-08-28 01:31:22', 50),
('joo', 'Sed sagittis.', 'Ryun', 'Sean', '2022-10-17 03:35:11', '2022-07-31 03:20:02', 5),
('joo', 'Donec quis orci eget orci vehicula condimentum.', 'El', 'Jordan', '2022-10-28 21:38:26', '2022-10-02 23:36:31', 93),
('joo', 'Morbi quis tortor id nulla ultrices aliquet.', 'Templeton', 'Matias', '2023-06-04 20:32:07', '2022-10-30 04:15:11', 86),
('joo', 'Praesent blandit lacinia erat.', 'Elissa', 'Aldrich', '2023-01-30 02:47:58', '2022-11-07 11:35:15', 40),
('joo', 'Nulla ut erat id mauris vulputate elementum.', 'Hoebart', 'Anselma', '2023-06-11 20:07:05', '2023-01-15 22:29:22', 41),
('joo', 'Integer aliquet, massa id lobortis convallis, tortor risus dapibus augue, vel accumsan tellus nisi eu orci.', 'Romy', 'Jethro', '2023-02-13 20:03:18', '2022-09-03 16:18:22', 36),
('joo', 'Maecenas ut massa quis augue luctus tincidunt.', 'Ilse', 'Adolphe', '2023-04-28 19:51:27', '2022-08-22 00:24:57', 101),
('joo', 'Mauris lacinia sapien quis libero.', 'Deonne', 'Aylmer', '2023-03-08 23:22:08', '2023-02-02 21:55:00', 77),
('joo', 'Cum sociis natoque penatibus et magnis dis parturient montes, nascetur ridiculus mus.', 'Adiana', 'Murray', '2022-10-15 11:28:41', '2023-05-18 19:37:25', 17),
('joo', 'In congue.', 'Catie', 'Elset', '2023-01-05 03:45:19', '2023-02-19 21:51:16', 122),
('joo', 'Proin at turpis a pede posuere nonummy.', 'Noellyn', 'Phyllis', '2022-11-09 14:24:50', '2023-01-27 11:44:03', 99),
('joo', 'Sed ante.', 'Cherye', 'Roderigo', '2022-12-19 05:09:54', '2023-03-24 12:27:02', 26),
('joo', 'Vestibulum sed magna at nunc commodo placerat.', 'Rosemaria', 'Donetta', '2022-09-13 01:47:42', '2022-10-14 03:33:32', 100),
('joo', 'Donec dapibus.', 'Hastings', 'Deerdre', '2023-06-13 07:08:46', '2022-12-24 04:11:22', 105),
('joo', 'Integer tincidunt ante vel ipsum.', 'Millard', 'Lindi', '2023-04-09 13:28:43', '2023-04-11 12:41:55', 109),
('joo', 'Pellentesque eget nunc.', 'Dorthy', 'Humberto', '2022-11-30 02:05:51', '2022-07-24 20:03:28', 40),
('joo', 'Fusce posuere felis sed lacus.', 'Jerad', 'Jefferson', '2023-01-16 19:14:49', '2022-09-28 17:24:15', 61),
('joo', 'Curabitur gravida nisi at nibh.', 'Sibbie', 'Meir', '2022-07-24 22:28:26', '2022-11-22 13:47:56', 34),
('joo', 'Nulla nisl.', 'Aggie', 'Winny', '2023-02-17 06:26:56', '2023-01-11 08:03:44', 14),
('joo', 'Donec dapibus.', 'Sherri', 'Pepi', '2022-07-16 17:17:18', '2023-05-30 14:38:33', 109),
('joo', 'Nulla justo.', 'Gerrilee', 'Stephanie', '2023-02-07 16:49:46', '2022-10-04 03:08:09', 93),
('joo', 'Nulla ac enim.', 'Jocelyn', 'Kendall', '2022-08-21 14:54:43', '2023-06-12 04:42:31', 37),
('joo', 'Nulla ac enim.', 'Elvin', 'Preston', '2022-12-08 10:46:07', '2022-10-20 12:31:49', 82),
('joo', 'Fusce consequat.', 'Paulie', 'Ketty', '2022-10-31 16:50:25', '2023-05-24 03:37:08', 117),
('joo', 'Aenean fermentum.', 'Heloise', 'Correna', '2022-11-09 19:37:51', '2023-01-29 12:53:39', 1),
('joo', 'Sed vel enim sit amet nunc viverra dapibus.', 'Sophronia', 'Joleen', '2023-06-19 08:05:36', '2023-07-01 04:31:08', 111),
('joo', 'In hac habitasse platea dictumst.', 'Arv', 'Roxy', '2022-08-04 13:23:05', '2023-02-19 07:17:51', 19),
('joo', 'In hac habitasse platea dictumst.', 'Thomasa', 'Skipp', '2022-08-09 13:48:44', '2023-06-08 03:39:02', 25),
('joo', 'Lorem ipsum dolor sit amet, consectetuer adipiscing elit.', 'Wallie', 'Hamil', '2023-03-30 06:34:46', '2023-05-08 19:22:52', 68),
('joo', 'In hac habitasse platea dictumst.', 'Donny', 'Marlie', '2022-11-16 21:53:57', '2022-11-02 12:42:43', 17),
('joo', 'Aliquam quis turpis eget elit sodales scelerisque.', 'Roderich', 'Alvy', '2023-04-21 11:28:46', '2023-01-23 16:47:11', 32),
('joo', 'Vestibulum ante ipsum primis in faucibus orci luctus et ultrices posuere cubilia Curae; Duis faucibus accumsan odio.', 'Lottie', 'Dunc', '2022-07-09 12:24:19', '2022-07-22 03:30:16', 15),
('joo', 'Vestibulum ante ipsum primis in faucibus orci luctus et ultrices posuere cubilia Curae; Nulla dapibus dolor vel est.', 'Fidelia', 'Bernadene', '2022-11-30 22:37:27', '2023-03-12 17:36:49', 109),
('joo', 'Morbi non lectus.', 'Maynord', 'Dwayne', '2022-08-20 00:07:54', '2022-07-16 10:12:06', 109),
('joo', 'In est risus, auctor sed, tristique in, tempus sit amet, sem.', 'Hagan', 'Reamonn', '2022-11-20 18:13:42', '2023-03-17 07:11:48', 79),
('joo', 'Sed accumsan felis.', 'Gaylord', 'Carolyn', '2022-07-27 22:32:03', '2023-05-31 20:30:01', 58),
('joo', 'Maecenas pulvinar lobortis est.', 'Lanie', 'Claudian', '2022-10-07 14:34:08', '2022-08-30 01:06:37', 21),
('joo', 'Lorem ipsum dolor sit amet, consectetuer adipiscing elit.', 'Tandy', 'Damiano', '2023-03-06 11:47:21', '2023-06-18 04:47:34', 29),
('joo', 'Vivamus tortor.', 'Isaiah', 'Rikki', '2023-03-28 03:20:37', '2022-11-17 04:05:24', 5),
('joo', 'Morbi odio odio, elementum eu, interdum eu, tincidunt in, leo.', 'Munroe', 'Zia', '2022-12-26 08:21:54', '2023-02-09 10:20:34', 87),
('joo', 'Nunc purus.', 'Hillary', 'Karoline', '2023-07-04 03:03:08', '2023-01-29 12:14:11', 47),
('joo', 'Nam nulla.', 'Cathee', 'Burtie', '2023-03-17 10:39:11', '2023-05-24 16:47:13', 48),
('joo', 'Aliquam erat volutpat.', 'Neddy', 'Tricia', '2022-08-02 00:24:09', '2023-05-26 11:39:42', 23),
('joo', 'Cum sociis natoque penatibus et magnis dis parturient montes, nascetur ridiculus mus.', 'Garvy', 'Joane', '2023-07-02 01:04:49', '2023-05-28 17:36:17', 76),
('joo', 'Nulla tempus.', 'Scarlet', 'Bernie', '2022-11-13 16:37:10', '2022-08-13 13:57:21', 117),
('joo', 'Nulla tempus.', 'Jenni', 'Ryann', '2023-01-27 02:07:46', '2023-02-10 13:14:55', 70),
('joo', 'Donec odio justo, sollicitudin ut, suscipit a, feugiat et, eros.', 'Belicia', 'Norrie', '2023-03-03 23:14:18', '2023-06-16 07:07:29', 35),
('joo', 'Aliquam non mauris.', 'Rayna', 'Jobye', '2023-06-23 10:46:16', '2023-06-13 16:26:45', 67),
('joo', 'Vestibulum quam sapien, varius ut, blandit non, interdum in, ante.', 'Rozanna', 'Lavina', '2023-05-30 10:27:52', '2023-01-13 16:36:34', 19),
('joo', 'Vestibulum sed magna at nunc commodo placerat.', 'Barbie', 'Starr', '2022-09-12 15:26:12', '2023-02-05 11:18:33', 45),
('joo', 'Suspendisse ornare consequat lectus.', 'Loise', 'Alexandros', '2023-02-12 07:38:31', '2022-11-23 14:51:47', 123),
('joo', 'Vivamus vestibulum sagittis sapien.', 'Holmes', 'Cecilius', '2023-01-21 14:06:53', '2022-12-04 01:29:57', 52),
('joo', 'In quis justo.', 'Constance', 'Shawn', '2022-08-16 17:18:02', '2022-08-26 08:02:56', 103),
('joo', 'Maecenas pulvinar lobortis est.', 'Alys', 'Vincents', '2023-05-17 16:22:37', '2022-08-16 11:42:12', 51),
('joo', 'Pellentesque viverra pede ac diam.', 'Jada', 'Sergeant', '2023-05-24 21:20:17', '2022-12-30 16:56:35', 122),
('joo', 'Mauris ullamcorper purus sit amet nulla.', 'Gunilla', 'Rosemaria', '2023-05-27 13:19:34', '2023-01-25 02:47:50', 106),
('joo', 'Vivamus metus arcu, adipiscing molestie, hendrerit at, vulputate vitae, nisl.', 'Minny', 'Romy', '2022-10-10 18:12:05', '2022-09-26 21:45:11', 31),
('joo', 'Vestibulum ante ipsum primis in faucibus orci luctus et ultrices posuere cubilia Curae; Nulla dapibus dolor vel est.', 'Maurita', 'Nicki', '2023-01-17 12:45:47', '2023-04-22 14:51:45', 76),
('joo', 'Maecenas ut massa quis augue luctus tincidunt.', 'Virgil', 'Donovan', '2022-07-13 04:13:45', '2023-03-09 20:23:17', 93),
('joo', 'Donec odio justo, sollicitudin ut, suscipit a, feugiat et, eros.', 'Karel', 'Starlene', '2022-10-10 06:37:07', '2023-05-14 14:21:15', 53),
('joo', 'Duis bibendum.', 'Callean', 'Tildie', '2022-12-22 10:38:46', '2023-02-27 17:56:45', 16),
('joo', 'Curabitur convallis.', 'Morissa', 'Esma', '2022-07-31 20:41:58', '2022-12-25 08:24:53', 8),
('joo', 'In quis justo.', 'Michale', 'Peder', '2022-10-11 02:05:53', '2022-09-15 08:41:39', 114),
('joo', 'Morbi non lectus.', 'Carny', 'Forrester', '2023-01-28 11:30:21', '2023-01-15 08:59:02', 35),
('joo', 'Curabitur at ipsum ac tellus semper interdum.', 'Leonardo', 'Francoise', '2022-08-18 22:02:31', '2023-03-07 03:44:58', 69),
('joo', 'Integer pede justo, lacinia eget, tincidunt eget, tempus vel, pede.', 'Tobe', 'Wally', '2023-02-08 20:08:42', '2022-11-02 13:58:33', 104),
('joo', 'Duis bibendum, felis sed interdum venenatis, turpis enim blandit mi, in porttitor pede justo eu massa.', 'Katrinka', 'Obie', '2023-02-14 16:17:28', '2023-02-25 03:34:12', 111),
('joo', 'Aliquam quis turpis eget elit sodales scelerisque.', 'Chantal', 'Nanci', '2022-12-10 16:06:03', '2023-05-16 10:06:07', 105),
('joo', 'Cum sociis natoque penatibus et magnis dis parturient montes, nascetur ridiculus mus.', 'Ingeberg', 'Carmelle', '2022-09-26 11:00:18', '2022-11-29 22:08:19', 101),
('joo', 'Morbi ut odio.', 'Fletch', 'Ellwood', '2022-09-16 18:59:19', '2022-10-28 08:03:41', 66),
('joo', 'Aliquam erat volutpat.', 'Neely', 'Alissa', '2022-07-23 14:43:12', '2022-07-29 11:00:52', 65),
('joo', 'Sed sagittis.', 'Vikky', 'Salomo', '2023-01-20 16:24:53', '2023-04-17 18:46:05', 52),
('joo', 'Phasellus sit amet erat.', 'Correna', 'Aurel', '2023-04-22 17:26:11', '2023-02-14 01:11:00', 54),
('joo', 'Pellentesque ultrices mattis odio.', 'Sean', 'Katerina', '2022-09-22 00:29:13', '2022-12-27 04:14:08', 58),
('joo', 'Duis bibendum, felis sed interdum venenatis, turpis enim blandit mi, in porttitor pede justo eu massa.', 'Vonni', 'Morley', '2023-03-13 10:28:07', '2023-01-19 11:52:00', 108),
('joo', 'Cras mi pede, malesuada in, imperdiet et, commodo vulputate, justo.', 'Tessie', 'Aymer', '2023-03-26 17:32:00', '2023-06-20 19:10:59', 90),
('joo', 'Proin interdum mauris non ligula pellentesque ultrices.', 'Lennard', 'Andrea', '2022-12-29 21:25:22', '2022-10-15 11:07:38', 3),
('joo', 'Proin leo odio, porttitor id, consequat in, consequat ut, nulla.', 'Risa', 'Galina', '2023-05-05 02:06:51', '2022-11-03 17:00:51', 79),
('joo', 'Cras in purus eu magna vulputate luctus.', 'Gussie', 'Haywood', '2023-02-24 13:28:41', '2022-09-14 08:05:46', 41),
('joo', 'Suspendisse ornare consequat lectus.', 'Shaughn', 'Anthe', '2022-10-31 07:26:19', '2022-12-06 05:47:27', 86),
('joo', 'Morbi a ipsum.', 'Leone', 'Der', '2022-11-02 23:46:49', '2022-12-22 14:34:31', 12),
('joo', 'Nam ultrices, libero non mattis pulvinar, nulla pede ullamcorper augue, a suscipit nulla elit ac nulla.', 'Manfred', 'Dyan', '2022-12-21 19:37:37', '2023-06-23 18:58:58', 72),
('joo', 'Vivamus vestibulum sagittis sapien.', 'Tobye', 'Benni', '2023-05-25 16:14:45', '2023-01-31 05:34:14', 47),
('joo', 'Donec ut dolor.', 'Maximilian', 'Nealy', '2023-01-29 19:21:09', '2022-10-27 10:45:43', 20),
('joo', 'Nulla ut erat id mauris vulputate elementum.', 'Kordula', 'Jorrie', '2023-06-17 19:44:12', '2022-11-20 11:04:24', 51),
('joo', 'Pellentesque eget nunc.', 'Gelya', 'Myrtia', '2023-05-21 19:18:28', '2022-10-19 07:24:52', 52),
('joo', 'Mauris enim leo, rhoncus sed, vestibulum sit amet, cursus id, turpis.', 'Cherey', 'Dela', '2023-02-28 08:48:20', '2022-12-09 15:24:10', 15),
('joo', 'Nullam varius.', 'Lina', 'Katherina', '2023-03-06 13:06:02', '2023-05-22 02:41:15', 67),
('joo', 'Duis bibendum.', 'Aguie', 'Dolley', '2022-08-18 06:25:39', '2023-03-02 10:58:32', 62),
('joo', 'Nulla mollis molestie lorem.', 'Maximilien', 'Ammamaria', '2023-02-06 18:06:48', '2023-05-20 17:04:54', 52),
('joo', 'Maecenas rhoncus aliquam lacus.', 'Felipa', 'Luce', '2022-09-11 21:23:23', '2023-01-31 11:45:18', 22),
('joo', 'In sagittis dui vel nisl.', 'Chester', 'Gregoor', '2022-09-03 19:36:28', '2022-08-03 01:00:01', 74),
('joo', 'Fusce posuere felis sed lacus.', 'Jennette', 'Madlin', '2022-07-27 15:45:36', '2023-01-04 17:14:38', 51),
('joo', 'Fusce lacus purus, aliquet at, feugiat non, pretium quis, lectus.', 'Gar', 'Desdemona', '2023-05-05 16:52:18', '2023-03-09 13:03:48', 90),
('joo', 'Aliquam erat volutpat.', 'Gracia', 'Anita', '2023-05-27 10:35:40', '2023-01-27 19:08:46', 74),
('joo', 'Donec posuere metus vitae ipsum.', 'Jedidiah', 'Farley', '2023-07-02 02:24:47', '2023-03-15 09:38:12', 119),
('joo', 'Curabitur in libero ut massa volutpat convallis.', 'Dorian', 'Jocelyne', '2023-07-03 00:22:16', '2022-07-05 11:29:02', 120),
('joo', 'Sed ante.', 'Chadwick', 'Victor', '2023-02-12 23:44:40', '2023-04-15 15:06:19', 76),
('joo', 'Nullam molestie nibh in lectus.', 'Marley', 'Donni', '2022-08-29 05:46:03', '2023-02-04 02:40:31', 7),
('joo', 'Etiam vel augue.', 'Elinore', 'Maynord', '2023-04-04 07:00:46', '2022-09-25 04:48:18', 27),
('joo', 'Nam congue, risus semper porta volutpat, quam pede lobortis ligula, sit amet eleifend pede libero quis orci.', 'Odelinda', 'Cristal', '2023-01-28 17:19:49', '2022-12-30 03:13:52', 40),
('joo', 'Cras in purus eu magna vulputate luctus.', 'Reggi', 'Mikey', '2023-05-03 05:05:51', '2022-08-07 23:01:28', 83),
('joo', 'Quisque arcu libero, rutrum ac, lobortis vel, dapibus at, diam.', 'Reena', 'Lezley', '2022-10-03 23:43:15', '2023-01-16 08:35:18', 92),
('joo', 'Curabitur at ipsum ac tellus semper interdum.', 'Vail', 'Cleveland', '2023-06-17 19:21:17', '2023-01-19 02:12:19', 22),
('joo', 'Fusce congue, diam id ornare imperdiet, sapien urna pretium nisl, ut volutpat sapien arcu sed augue.', 'Kimball', 'Tamera', '2023-06-24 01:29:54', '2023-06-10 09:24:01', 25),
('joo', 'Cras non velit nec nisi vulputate nonummy.', 'Winnah', 'Liv', '2022-08-13 07:54:39', '2023-05-08 17:10:07', 90),
('joo', 'Ut tellus.', 'Lorri', 'Grady', '2023-03-06 11:41:47', '2022-09-16 19:47:33', 6),
('joo', 'Suspendisse ornare consequat lectus.', 'Coretta', 'Cathy', '2023-03-31 06:59:40', '2022-11-22 13:15:22', 68),
('joo', 'Nunc nisl.', 'Jan', 'Morry', '2022-12-30 13:22:49', '2023-05-20 11:29:59', 38),
('joo', 'Nullam orci pede, venenatis non, sodales sed, tincidunt eu, felis.', 'Evangelia', 'Dix', '2022-10-09 16:17:22', '2022-10-29 07:28:22', 82),
('joo', 'Donec semper sapien a libero.', 'Purcell', 'Daphne', '2022-11-02 05:52:06', '2022-12-05 09:11:52', 58),
('joo', 'In blandit ultrices enim.', 'Stanislas', 'Marcus', '2023-06-14 05:59:41', '2023-01-29 11:49:43', 1),
('joo', 'Donec vitae nisi.', 'Claudetta', 'Alvira', '2022-10-07 18:49:06', '2023-04-06 23:01:30', 102),
('joo', 'Duis at velit eu est congue elementum.', 'Granville', 'Si', '2022-08-31 22:52:56', '2023-01-09 20:07:30', 93),
('joo', 'Nunc rhoncus dui vel sem.', 'Hubey', 'Ingelbert', '2023-04-19 07:36:35', '2022-11-15 21:34:15', 102),
('joo', 'Nam dui.', 'Jessamine', 'Tibold', '2023-03-10 11:24:03', '2023-04-29 04:17:17', 39),
('joo', 'Nunc rhoncus dui vel sem.', 'Tammy', 'Silvano', '2023-05-03 22:13:23', '2022-09-02 07:36:29', 58),
('joo', 'Cum sociis natoque penatibus et magnis dis parturient montes, nascetur ridiculus mus.', 'Genevra', 'Abbe', '2023-05-12 18:27:02', '2022-11-04 16:38:52', 102),
('joo', 'Pellentesque eget nunc.', 'Meredithe', 'Anna-diana', '2023-02-23 01:43:17', '2022-08-18 05:39:20', 55),
('joo', 'Lorem ipsum dolor sit amet, consectetuer adipiscing elit.', 'Orion', 'Anna-maria', '2023-03-08 09:25:09', '2023-02-03 08:32:44', 65),
('joo', 'Quisque ut erat.', 'Eduino', 'Hettie', '2023-04-13 19:53:39', '2022-10-24 13:57:09', 52),
('joo', 'Aenean sit amet justo.', 'Abram', 'Avril', '2022-12-09 06:49:55', '2022-11-06 21:36:44', 6),
('joo', 'Aliquam erat volutpat.', 'Laurens', 'Jerome', '2023-05-30 10:36:27', '2023-04-21 20:03:57', 122),
('joo', 'Ut at dolor quis odio consequat varius.', 'Ingmar', 'Roana', '2023-04-15 22:13:56', '2023-05-26 19:02:10', 92),
('joo', 'Vestibulum rutrum rutrum neque.', 'Isadore', 'Inesita', '2022-08-07 06:19:19', '2023-04-17 12:37:35', 63),
('joo', 'Nulla mollis molestie lorem.', 'Bertie', 'Stanislaus', '2023-03-03 04:58:43', '2022-10-11 19:51:08', 71),
('joo', 'Vestibulum ante ipsum primis in faucibus orci luctus et ultrices posuere cubilia Curae; Mauris viverra diam vitae quam.', 'Kath', 'Lulita', '2022-12-02 00:52:19', '2023-05-03 19:05:50', 68),
('joo', 'Praesent id massa id nisl venenatis lacinia.', 'Drusilla', 'Shepherd', '2023-05-08 01:12:41', '2023-01-13 08:49:21', 6),
('joo', 'Donec posuere metus vitae ipsum.', 'Gennifer', 'Kippy', '2022-07-15 15:26:53', '2023-04-24 12:49:30', 119),
('joo', 'Aliquam augue quam, sollicitudin vitae, consectetuer eget, rutrum at, lorem.', 'Bruis', 'Arliene', '2022-10-02 21:34:43', '2022-07-15 23:35:48', 102),
('joo', 'Quisque ut erat.', 'Karlee', 'Clemmy', '2023-05-08 11:13:27', '2022-11-24 16:05:12', 67),
('joo', 'Nam nulla.', 'Danette', 'Deane', '2023-02-10 20:39:11', '2022-08-03 23:39:27', 40),
('joo', 'Etiam vel augue.', 'Georgeanna', 'Norri', '2023-05-17 03:49:28', '2022-08-24 00:48:28', 3),
('joo', 'Nunc rhoncus dui vel sem.', 'Etty', 'Nico', '2022-07-13 04:21:59', '2022-08-24 03:12:11', 1),
('joo', 'Phasellus in felis.', 'Krispin', 'Nichol', '2023-06-15 12:52:13', '2023-07-03 01:13:08', 46),
('joo', 'Sed accumsan felis.', 'Merlina', 'Jonathan', '2022-10-31 13:22:44', '2023-04-19 01:05:20', 17),
('joo', 'Aliquam augue quam, sollicitudin vitae, consectetuer eget, rutrum at, lorem.', 'Eleanore', 'Bellina', '2022-09-22 16:27:05', '2023-05-25 09:33:01', 58),
('joo', 'Maecenas pulvinar lobortis est.', 'Dorthea', 'Rhianon', '2023-07-01 07:56:06', '2023-04-08 16:50:18', 61),
('joo', 'Morbi ut odio.', 'Kalil', 'Haily', '2023-04-30 11:00:48', '2023-03-29 01:01:24', 29),
('joo', 'Nulla nisl.', 'Bryan', 'Mathian', '2023-01-05 19:21:49', '2023-05-07 12:50:56', 62),
('joo', 'Vivamus vestibulum sagittis sapien.', 'Feliza', 'Andie', '2023-03-29 21:56:39', '2023-03-05 10:19:30', 46),
('joo', 'Nulla ac enim.', 'Shannan', 'Eba', '2023-06-05 18:55:28', '2023-06-03 20:55:33', 96),
('joo', 'Sed sagittis.', 'Everard', 'Astra', '2022-07-30 18:33:41', '2023-04-23 04:45:06', 49),
('joo', 'Aliquam erat volutpat.', 'Nigel', 'Aaron', '2023-04-28 08:00:16', '2023-07-02 15:18:48', 70),
('joo', 'Mauris lacinia sapien quis libero.', 'Venita', 'Hart', '2022-08-26 11:10:51', '2023-05-27 09:18:23', 123),
('joo', 'Etiam faucibus cursus urna.', 'Sarina', 'Merry', '2023-06-19 20:59:27', '2023-01-27 07:15:17', 89),
('joo', 'Phasellus id sapien in sapien iaculis congue.', 'Lillian', 'Klarika', '2023-01-27 18:50:32', '2023-03-30 10:58:02', 90),
('joo', 'Duis at velit eu est congue elementum.', 'Kiel', 'Isadora', '2022-07-25 20:58:39', '2023-02-01 12:43:53', 75),
('joo', 'Maecenas tincidunt lacus at velit.', 'Reamonn', 'Adrian', '2023-02-12 02:33:18', '2022-12-29 11:48:07', 33),
('joo', 'Praesent lectus.', 'Bethena', 'Armstrong', '2022-08-08 13:26:06', '2023-05-01 14:32:35', 24),
('joo', 'Sed vel enim sit amet nunc viverra dapibus.', 'North', 'Polly', '2023-06-09 19:47:41', '2023-01-23 14:55:45', 42),
('joo', 'Maecenas tincidunt lacus at velit.', 'Constantine', 'Dotty', '2023-03-09 20:49:45', '2023-05-16 14:05:29', 78),
('joo', 'Aenean sit amet justo.', 'Lulu', 'Phyllida', '2023-01-24 02:53:51', '2022-09-17 00:44:28', 87),
('joo', 'Integer aliquet, massa id lobortis convallis, tortor risus dapibus augue, vel accumsan tellus nisi eu orci.', 'Reinhard', 'Graham', '2023-03-12 09:41:43', '2022-09-21 19:10:30', 67),
('joo', 'Nulla mollis molestie lorem.', 'Dari', 'Abagael', '2023-01-05 21:29:01', '2022-12-18 08:22:03', 109),
('joo', 'Suspendisse ornare consequat lectus.', 'Shirley', 'Red', '2023-03-29 13:00:33', '2022-10-03 09:48:11', 112),
('joo', 'Cum sociis natoque penatibus et magnis dis parturient montes, nascetur ridiculus mus.', 'Viv', 'Gabrielle', '2023-03-13 18:06:40', '2023-06-02 12:51:41', 53),
('joo', 'Morbi non lectus.', 'Nicholle', 'Sean', '2023-04-01 05:17:22', '2022-12-08 18:41:01', 119),
('joo', 'Suspendisse ornare consequat lectus.', 'Brand', 'Kimbra', '2023-02-19 01:18:17', '2022-09-22 15:39:51', 33),
('joo', 'Pellentesque at nulla.', 'Gates', 'Erminie', '2023-05-23 16:10:51', '2022-11-01 18:35:43', 70),
('joo', 'Praesent blandit.', 'Ted', 'Stella', '2023-01-25 22:40:37', '2022-12-11 17:11:30', 59),
('joo', 'Curabitur gravida nisi at nibh.', 'Murry', 'Sam', '2022-11-12 02:32:31', '2022-10-24 11:49:49', 53),
('joo', 'Donec posuere metus vitae ipsum.', 'Adelind', 'Larissa', '2022-10-03 19:13:06', '2023-05-06 22:24:54', 62),
('joo', 'Nullam orci pede, venenatis non, sodales sed, tincidunt eu, felis.', 'Daisie', 'Sioux', '2022-11-08 04:30:33', '2022-07-17 22:38:59', 89),
('joo', 'Nulla tellus.', 'Nertie', 'Mal', '2022-10-20 03:31:12', '2022-11-26 17:05:20', 59),
('joo', 'Integer tincidunt ante vel ipsum.', 'Nevsa', 'Lewiss', '2023-06-01 01:08:47', '2023-03-03 13:35:59', 72),
('joo', 'Nulla tellus.', 'Gustaf', 'Adda', '2022-07-16 11:25:37', '2022-07-10 00:14:54', 59),
('joo', 'Aenean sit amet justo.', 'Gary', 'Giorgio', '2023-06-30 10:34:00', '2023-06-11 06:22:45', 19),
('joo', 'Fusce posuere felis sed lacus.', 'Lukas', 'Leontine', '2022-07-27 03:39:59', '2023-03-12 06:59:14', 118),
('joo', 'Duis at velit eu est congue elementum.', 'Chloette', 'Terrye', '2022-12-22 13:03:20', '2022-10-07 22:38:21', 72),
('joo', 'Aliquam sit amet diam in magna bibendum imperdiet.', 'Tyrus', 'Hyacintha', '2022-08-04 23:44:55', '2022-10-03 14:40:20', 11),
('joo', 'Proin at turpis a pede posuere nonummy.', 'Alli', 'Magda', '2023-02-17 17:13:00', '2023-02-16 03:33:50', 18),
('joo', 'Curabitur at ipsum ac tellus semper interdum.', 'Tessy', 'Sharl', '2023-03-29 15:38:50', '2023-03-30 23:47:19', 41),
('joo', 'Donec diam neque, vestibulum eget, vulputate ut, ultrices vel, augue.', 'Nowell', 'Matti', '2023-05-22 07:38:37', '2023-06-12 09:32:48', 121),
('joo', 'Etiam pretium iaculis justo.', 'Staford', 'Lauree', '2023-05-20 10:48:04', '2022-07-13 17:25:03', 72),
('joo', 'Aenean fermentum.', 'Will', 'Josselyn', '2022-08-27 16:38:05', '2022-12-19 14:20:55', 33),
('joo', 'Nulla justo.', 'Hyacinthia', 'Franciskus', '2022-11-27 03:19:01', '2022-09-04 00:56:04', 71),
('joo', 'In hac habitasse platea dictumst.', 'Karlee', 'Irv', '2023-03-12 17:54:08', '2022-08-31 17:34:28', 19),
('joo', 'Duis bibendum.', 'Ronni', 'Sebastiano', '2022-09-28 14:15:17', '2022-10-12 23:29:00', 1),
('joo', 'Nulla facilisi.', 'Myra', 'Mindy', '2022-09-21 05:51:14', '2023-07-01 11:29:14', 89),
('joo', 'Aliquam non mauris.', 'Immanuel', 'Hansiain', '2022-12-21 08:53:00', '2022-07-18 09:44:06', 43),
('joo', 'In blandit ultrices enim.', 'Kilian', 'Joell', '2022-09-22 10:22:07', '2023-01-10 15:16:51', 78),
('joo', 'Curabitur in libero ut massa volutpat convallis.', 'Maggee', 'Susana', '2022-07-19 02:41:35', '2022-09-22 02:22:10', 58),
('joo', 'Vestibulum ac est lacinia nisi venenatis tristique.', 'Gilli', 'Ambrosi', '2023-05-07 04:22:47', '2022-07-13 10:50:58', 72),
('joo', 'Proin interdum mauris non ligula pellentesque ultrices.', 'Malva', 'Livvie', '2022-11-12 13:28:16', '2023-01-10 17:42:20', 24),
('joo', 'Morbi sem mauris, laoreet ut, rhoncus aliquet, pulvinar sed, nisl.', 'Barrie', 'Garvy', '2023-01-06 03:43:56', '2023-05-17 04:49:45', 93),
('joo', 'Aliquam quis turpis eget elit sodales scelerisque.', 'Eva', 'Karlis', '2023-04-03 18:55:52', '2022-08-02 09:00:37', 119),
('joo', 'Morbi odio odio, elementum eu, interdum eu, tincidunt in, leo.', 'Adela', 'Tabby', '2023-04-04 22:52:29', '2023-06-15 19:18:21', 9),
('joo', 'Vivamus vestibulum sagittis sapien.', 'Yankee', 'Fiona', '2022-10-04 21:40:57', '2022-09-16 00:37:32', 116),
('joo', 'In hac habitasse platea dictumst.', 'Ki', 'Hunt', '2022-09-02 21:03:01', '2022-09-06 06:28:38', 106),
('joo', 'Ut tellus.', 'Peyton', 'Sky', '2023-02-04 16:14:07', '2022-12-23 06:21:26', 35),
('joo', 'Duis bibendum.', 'Darn', 'Tobin', '2022-10-13 09:07:50', '2022-09-23 17:02:29', 116),
('joo', 'Pellentesque ultrices mattis odio.', 'Ambrosio', 'Sherie', '2023-04-10 10:28:44', '2023-05-07 04:26:31', 13),
('joo', 'Pellentesque viverra pede ac diam.', 'Nance', 'Joan', '2023-04-02 13:47:42', '2023-02-17 22:05:19', 72),
('joo', 'Morbi quis tortor id nulla ultrices aliquet.', 'Christiane', 'Yorke', '2023-04-25 04:04:35', '2022-12-25 16:42:23', 68),
('joo', 'In quis justo.', 'Ingamar', 'Tatiania', '2023-04-29 04:58:07', '2023-02-16 18:16:56', 27),
('joo', 'Nulla nisl.', 'Ximenes', 'Georas', '2022-08-05 11:47:30', '2023-06-09 03:13:37', 59),
('joo', 'Integer a nibh.', 'Niles', 'Jerri', '2022-11-16 09:36:13', '2023-05-06 11:37:27', 21),
('joo', 'Nam ultrices, libero non mattis pulvinar, nulla pede ullamcorper augue, a suscipit nulla elit ac nulla.', 'Hurleigh', 'Chev', '2023-03-24 15:04:28', '2023-01-24 20:40:16', 79),
('joo', 'Fusce posuere felis sed lacus.', 'Nesta', 'Guenevere', '2023-03-27 15:52:36', '2022-10-05 10:50:18', 117),
('joo', 'Maecenas leo odio, condimentum id, luctus nec, molestie sed, justo.', 'Sheri', 'Minne', '2023-01-07 20:23:07', '2022-07-30 09:14:02', 41),
('joo', 'Nam dui.', 'Jade', 'Agnola', '2023-04-24 11:06:01', '2023-02-13 12:50:35', 11),
('joo', 'Proin risus.', 'Mattie', 'Micheline', '2022-09-02 04:50:06', '2023-02-01 13:48:38', 94),
('joo', 'Sed ante.', 'Jaclyn', 'Wilburt', '2023-01-19 13:39:33', '2023-06-16 10:06:05', 101),
('joo', 'Donec odio justo, sollicitudin ut, suscipit a, feugiat et, eros.', 'Elane', 'Corey', '2023-01-24 05:18:18', '2022-12-19 18:06:04', 3),
('joo', 'Curabitur in libero ut massa volutpat convallis.', 'Theresita', 'Emelia', '2022-10-04 21:00:02', '2022-08-17 15:15:58', 8),
('joo', 'Curabitur gravida nisi at nibh.', 'Janenna', 'Constancy', '2022-09-02 06:10:02', '2022-09-22 00:55:50', 74),
('joo', 'Pellentesque eget nunc.', 'Marylynne', 'Astrid', '2023-04-01 22:56:21', '2023-04-25 20:45:22', 43),
('joo', 'Donec dapibus.', 'Darsey', 'Ford', '2022-10-23 02:18:22', '2022-11-28 16:08:41', 108),
('joo', 'Cras in purus eu magna vulputate luctus.', 'Hillary', 'Dodi', '2022-12-28 23:59:46', '2022-08-07 17:05:32', 68),
('joo', 'Cras pellentesque volutpat dui.', 'Kat', 'Delmor', '2023-02-03 02:01:03', '2023-04-27 12:53:13', 23),
('joo', 'Praesent blandit lacinia erat.', 'Thorin', 'Carlin', '2023-06-12 05:46:50', '2023-02-08 08:31:12', 32),
('joo', 'Fusce lacus purus, aliquet at, feugiat non, pretium quis, lectus.', 'Sallyanne', 'Ignatius', '2023-04-01 06:42:43', '2022-08-19 19:32:52', 77),
('joo', 'Duis at velit eu est congue elementum.', 'Alaric', 'Farra', '2023-01-26 16:01:55', '2023-06-19 13:04:07', 24),
('joo', 'Lorem ipsum dolor sit amet, consectetuer adipiscing elit.', 'Alvie', 'Christi', '2023-03-14 11:27:39', '2022-10-26 21:04:45', 123),
('joo', 'Integer a nibh.', 'Wake', 'Fredia', '2022-09-10 16:32:38', '2023-04-04 08:02:28', 72),
('joo', 'Nullam varius.', 'Melosa', 'Hilda', '2023-02-03 00:11:28', '2023-02-24 04:54:36', 117),
('joo', 'In sagittis dui vel nisl.', 'Alexandr', 'Even', '2022-11-28 03:13:45', '2022-07-16 06:32:15', 29),
('joo', 'Lorem ipsum dolor sit amet, consectetuer adipiscing elit.', 'Matthew', 'Stanwood', '2023-05-18 14:18:40', '2022-08-17 04:29:42', 80),
('joo', 'Donec dapibus.', 'Claribel', 'Ragnar', '2023-06-24 03:42:00', '2022-09-12 04:47:22', 94),
('joo', 'Vestibulum ante ipsum primis in faucibus orci luctus et ultrices posuere cubilia Curae; Nulla dapibus dolor vel est.', 'Abbey', 'Bernardo', '2022-10-03 00:15:15', '2023-02-09 17:04:38', 50),
('joo', 'Integer ac neque.', 'Cristiano', 'Bondy', '2023-05-25 12:34:23', '2022-07-24 23:38:00', 103),
('joo', 'Sed accumsan felis.', 'Gretta', 'Denni', '2023-01-02 23:31:53', '2022-08-15 05:01:35', 93),
('joo', 'Duis at velit eu est congue elementum.', 'Megan', 'Shaylynn', '2023-06-09 10:30:36', '2023-01-25 15:41:55', 61),
('joo', 'Quisque ut erat.', 'Katinka', 'Drusie', '2022-07-31 21:51:28', '2022-12-16 10:15:43', 26),
('joo', 'Proin leo odio, porttitor id, consequat in, consequat ut, nulla.', 'Nolan', 'Fabiano', '2023-01-29 17:30:06', '2023-01-31 16:51:34', 67),
('joo', 'Nullam orci pede, venenatis non, sodales sed, tincidunt eu, felis.', 'Teresa', 'Elenore', '2023-01-15 06:16:58', '2023-01-13 14:57:47', 84),
('joo', 'Morbi non lectus.', 'Garey', 'Dorey', '2022-09-08 17:48:21', '2022-09-17 08:03:32', 43),
('joo', 'Proin leo odio, porttitor id, consequat in, consequat ut, nulla.', 'Garner', 'Else', '2023-04-14 12:42:02', '2022-11-21 13:41:26', 103),
('joo', 'Morbi odio odio, elementum eu, interdum eu, tincidunt in, leo.', 'Job', 'Yardley', '2023-02-22 19:47:52', '2023-05-07 23:35:07', 67),
('joo', 'Mauris ullamcorper purus sit amet nulla.', 'Jo-anne', 'Tyrus', '2023-02-04 23:00:41', '2022-09-15 17:28:07', 85),
('joo', 'Praesent blandit lacinia erat.', 'Ernst', 'Slade', '2023-05-20 11:53:38', '2022-08-02 15:58:42', 102),
('joo', 'Nullam porttitor lacus at turpis.', 'Donal', 'Olia', '2022-10-12 13:38:11', '2023-05-21 20:38:02', 88),
('joo', 'Vestibulum quam sapien, varius ut, blandit non, interdum in, ante.', 'Kliment', 'Katrinka', '2022-07-24 03:17:58', '2023-05-13 07:27:47', 118),
('joo', 'Suspendisse potenti.', 'Kenna', 'Vivyanne', '2023-01-18 11:44:02', '2023-05-06 21:05:23', 16),
('joo', 'Sed vel enim sit amet nunc viverra dapibus.', 'Nannette', 'Sarine', '2023-02-20 03:07:53', '2022-11-19 13:19:44', 117),
('joo', 'Cras in purus eu magna vulputate luctus.', 'Tish', 'Garold', '2023-03-06 18:28:02', '2022-12-05 16:44:08', 56),
('joo', 'Proin eu mi.', 'Dag', 'Ahmad', '2023-04-08 19:57:55', '2023-06-22 08:07:25', 72),
('joo', 'Sed sagittis.', 'Evelyn', 'Rochella', '2022-10-01 02:27:07', '2022-12-21 15:30:11', 11),
('joo', 'Praesent id massa id nisl venenatis lacinia.', 'Adoree', 'Auberta', '2023-06-29 22:58:07', '2023-03-08 06:20:19', 121),
('joo', 'Curabitur convallis.', 'Witty', 'Carl', '2023-03-08 03:11:44', '2022-09-17 22:22:47', 65),
('joo', 'Proin leo odio, porttitor id, consequat in, consequat ut, nulla.', 'Kass', 'Ferris', '2023-02-27 05:48:43', '2022-09-27 12:43:42', 11),
('joo', 'Aliquam non mauris.', 'Miof mela', 'Giacopo', '2023-06-05 10:41:39', '2022-12-27 18:37:08', 18),
('joo', 'Pellentesque eget nunc.', 'Cynthea', 'Ophelia', '2022-10-16 10:33:07', '2023-02-04 04:29:05', 65),
('joo', 'Etiam faucibus cursus urna.', 'Edyth', 'Betteanne', '2023-06-01 09:08:39', '2022-08-28 13:07:43', 87),
('joo', 'In blandit ultrices enim.', 'Matthus', 'Eolanda', '2023-06-17 06:32:02', '2023-05-02 21:52:52', 47),
('joo', 'Aliquam quis turpis eget elit sodales scelerisque.', 'Ginni', 'Ed', '2023-03-15 19:33:16', '2023-02-22 01:57:16', 87),
('joo', 'Morbi sem mauris, laoreet ut, rhoncus aliquet, pulvinar sed, nisl.', 'Amye', 'Mic', '2023-04-04 22:49:08', '2022-11-04 09:37:46', 53),
('joo', 'Integer aliquet, massa id lobortis convallis, tortor risus dapibus augue, vel accumsan tellus nisi eu orci.', 'Camila', 'Garnette', '2023-04-04 02:49:38', '2023-02-23 10:20:52', 58),
('joo', 'Cum sociis natoque penatibus et magnis dis parturient montes, nascetur ridiculus mus.', 'Richart', 'Ignatius', '2023-03-13 09:13:39', '2022-08-16 09:44:08', 15),
('joo', 'Pellentesque eget nunc.', 'Brocky', 'Yolane', '2023-06-07 20:12:18', '2023-04-18 00:35:51', 35),
('joo', 'Donec ut mauris eget massa tempor convallis.', 'Shelby', 'Grata', '2023-01-03 19:23:19', '2023-05-07 05:07:11', 20),
('joo', 'Aenean sit amet justo.', 'Reg', 'Claude', '2022-10-23 07:31:36', '2022-09-25 04:28:57', 44),
('joo', 'Lorem ipsum dolor sit amet, consectetuer adipiscing elit.', 'Jody', 'Ambrosius', '2022-07-15 17:39:15', '2022-07-12 16:48:42', 115),
('joo', 'Cras non velit nec nisi vulputate nonummy.', 'Hadleigh', 'Sebastiano', '2022-09-20 18:54:37', '2022-11-29 19:08:54', 46),
('joo', 'Aliquam sit amet diam in magna bibendum imperdiet.', 'Ros', 'Julian', '2023-05-31 23:07:55', '2023-03-22 14:32:01', 104),
('joo', 'Integer non velit.', 'Charmain', 'Walliw', '2022-12-24 12:22:37', '2022-11-17 16:34:04', 13),
('joo', 'Lorem ipsum dolor sit amet, consectetuer adipiscing elit.', 'Ringo', 'Lincoln', '2023-05-20 06:06:59', '2022-09-24 17:47:44', 44),
('joo', 'Vivamus vel nulla eget eros elementum pellentesque.', 'Helen', 'Clarice', '2023-01-03 08:09:52', '2022-10-15 03:08:03', 91),
('joo', 'Duis consequat dui nec nisi volutpat eleifend.', 'Netta', 'Filippa', '2022-12-17 22:56:48', '2022-11-05 12:09:19', 76),
('joo', 'Etiam justo.', 'Korie', 'Nollie', '2023-01-06 17:42:21', '2022-12-25 08:32:36', 32),
('joo', 'In hac habitasse platea dictumst.', 'Cloris', 'Harwilll', '2022-09-01 10:15:19', '2022-10-11 13:52:21', 99),
('joo', 'Nulla suscipit ligula in lacus.', 'Gianni', 'Maure', '2022-07-14 07:17:39', '2023-01-27 00:43:03', 22),
('joo', 'Etiam faucibus cursus urna.', 'Temple', 'Arte', '2023-02-11 01:15:02', '2023-06-03 08:11:50', 107),
('joo', 'In eleifend quam a odio.', 'Chickie', 'Thacher', '2022-09-02 00:46:43', '2022-11-11 06:37:31', 87),
('joo', 'Nam tristique tortor eu pede.', 'Lynne', 'Jervis', '2023-04-15 01:04:12', '2022-10-05 02:47:23', 44),
('joo', 'Nullam varius.', 'Tani', 'Pier', '2022-07-20 03:59:28', '2023-04-28 14:19:58', 123),
('joo', 'Integer non velit.', 'Mordecai', 'Penny', '2022-08-22 19:50:25', '2022-11-21 05:06:53', 67),
('joo', 'Morbi vestibulum, velit id pretium iaculis, diam erat fermentum justo, nec condimentum neque sapien placerat ante.', 'Gardner', 'Hyacinthia', '2023-06-17 14:41:51', '2022-07-30 22:05:16', 65),
('joo', 'Morbi vel lectus in quam fringilla rhoncus.', 'Clarinda', 'Nick', '2022-08-23 04:54:37', '2023-04-03 11:48:25', 90),
('joo', 'Aliquam quis turpis eget elit sodales scelerisque.', 'Penrod', 'Arabela', '2023-06-05 02:40:09', '2023-04-05 05:46:37', 88),
('joo', 'Nam ultrices, libero non mattis pulvinar, nulla pede ullamcorper augue, a suscipit nulla elit ac nulla.', 'Pepita', 'Sigvard', '2022-12-06 06:53:31', '2023-04-05 22:39:18', 102),
('joo', 'Mauris lacinia sapien quis libero.', 'Tracy', 'Baxie', '2023-02-07 01:33:05', '2022-10-03 02:20:20', 21),
('joo', 'Fusce lacus purus, aliquet at, feugiat non, pretium quis, lectus.', 'Uta', 'Gerry', '2023-04-17 12:42:28', '2023-03-31 09:43:02', 5),
('joo', 'Nam ultrices, libero non mattis pulvinar, nulla pede ullamcorper augue, a suscipit nulla elit ac nulla.', 'Kyle', 'Chas', '2022-07-08 07:31:51', '2022-07-29 19:30:01', 53),
('joo', 'Praesent blandit lacinia erat.', 'Sarena', 'Timi', '2023-01-08 15:42:48', '2022-07-13 21:55:15', 84),
('joo', 'Vivamus metus arcu, adipiscing molestie, hendrerit at, vulputate vitae, nisl.', 'Lulita', 'Mitchael', '2023-01-09 01:09:41', '2023-02-13 23:24:39', 67),
('joo', 'Nulla tellus.', 'Leora', 'Haze', '2023-05-09 22:47:28', '2022-11-12 12:38:16', 1),
('joo', 'Donec semper sapien a libero.', 'Dew', 'Brewer', '2022-12-10 04:02:27', '2022-08-21 18:17:37', 103),
('joo', 'In congue.', 'Catherine', 'Valentino', '2022-12-28 22:04:12', '2022-07-09 01:35:36', 56),
('joo', 'Maecenas pulvinar lobortis est.', 'Artemus', 'Cornelle', '2023-06-11 19:51:56', '2022-10-08 15:01:09', 45),
('joo', 'Fusce congue, diam id ornare imperdiet, sapien urna pretium nisl, ut volutpat sapien arcu sed augue.', 'Jeff', 'Stuart', '2023-03-26 03:37:26', '2022-12-23 10:44:37', 45),
('joo', 'Duis mattis egestas metus.', 'Alard', 'Jehanna', '2022-08-07 20:50:24', '2023-06-07 23:44:50', 96),
('joo', 'Morbi ut odio.', 'Dino', 'Erin', '2023-03-16 17:50:33', '2023-06-04 20:06:45', 120),
('joo', 'Donec vitae nisi.', 'Cassandre', 'Gifford', '2022-12-15 17:20:27', '2023-05-22 13:01:00', 55),
('joo', 'Ut at dolor quis odio consequat varius.', 'Ariella', 'Angele', '2023-04-04 22:12:31', '2023-01-05 19:16:21', 108),
('joo', 'Vestibulum ante ipsum primis in faucibus orci luctus et ultrices posuere cubilia Curae; Nulla dapibus dolor vel est.', 'Jude', 'Tallie', '2022-09-01 13:34:32', '2023-02-27 00:10:12', 102),
('joo', 'Etiam justo.', 'Ulberto', 'Adrianna', '2022-11-15 12:06:10', '2022-10-24 01:04:50', 108),
('joo', 'Morbi vel lectus in quam fringilla rhoncus.', 'Delly', 'Catlaina', '2023-02-09 15:43:32', '2022-11-27 17:45:13', 58),
('joo', 'Integer aliquet, massa id lobortis convallis, tortor risus dapibus augue, vel accumsan tellus nisi eu orci.', 'Inger', 'Maurice', '2023-04-03 18:23:24', '2023-05-09 05:29:35', 20),
('joo', 'In hac habitasse platea dictumst.', 'Nydia', 'Danna', '2022-10-13 17:08:20', '2022-12-23 04:19:00', 8),
('joo', 'Vivamus vestibulum sagittis sapien.', 'Frans', 'Nessi', '2023-01-09 03:23:36', '2022-09-16 21:09:01', 123),
('joo', 'Curabitur in libero ut massa volutpat convallis.', 'Lyn', 'Pincas', '2022-08-18 18:05:34', '2023-03-05 11:54:23', 50),
('joo', 'Cras non velit nec nisi vulputate nonummy.', 'Louise', 'Odetta', '2023-06-10 05:19:43', '2022-12-28 11:27:10', 69),
('joo', 'Etiam vel augue.', 'Babbette', 'Graig', '2022-09-16 08:33:11', '2023-05-21 07:39:01', 77),
('joo', 'Suspendisse accumsan tortor quis turpis.', 'Esther', 'Isadora', '2023-01-17 08:22:15', '2022-10-06 23:41:50', 107),
('joo', 'Donec posuere metus vitae ipsum.', 'Inna', 'Annmarie', '2022-09-17 15:24:34', '2023-02-27 13:51:41', 73),
('joo', 'Nullam varius.', 'Jarib', 'Christos', '2023-04-07 03:00:03', '2023-02-15 07:05:11', 19),
('joo', 'Integer pede justo, lacinia eget, tincidunt eget, tempus vel, pede.', 'Cora', 'Valaree', '2022-12-07 09:44:36', '2023-05-25 14:11:53', 81),
('joo', 'Curabitur at ipsum ac tellus semper interdum.', 'Judie', 'Rudolf', '2023-03-28 20:33:57', '2023-05-28 12:28:56', 37),
('joo', 'Suspendisse potenti.', 'Brander', 'Gayle', '2023-07-03 00:32:16', '2022-12-04 02:44:56', 41),
('joo', 'Pellentesque viverra pede ac diam.', 'Laurens', 'Bette-ann', '2022-10-08 01:17:39', '2022-11-20 01:42:47', 104),
('joo', 'Phasellus in felis.', 'Jerrie', 'Josias', '2022-12-10 03:29:04', '2023-04-24 16:02:45', 99),
('joo', 'Pellentesque ultrices mattis odio.', 'Lezley', 'Carolyne', '2023-04-05 13:20:06', '2023-03-09 16:15:36', 115),
('joo', 'Vestibulum ante ipsum primis in faucibus orci luctus et ultrices posuere cubilia Curae; Nulla dapibus dolor vel est.', 'Dodi', 'Philippa', '2022-11-02 00:06:01', '2023-02-03 00:50:28', 104),
('joo', 'Etiam vel augue.', 'Gusti', 'Sampson', '2023-03-30 20:48:03', '2022-10-05 15:57:52', 77),
('joo', 'Cum sociis natoque penatibus et magnis dis parturient montes, nascetur ridiculus mus.', 'Tracy', 'Devon', '2022-07-19 10:44:49', '2023-04-08 00:46:03', 54),
('joo', 'Duis bibendum, felis sed interdum venenatis, turpis enim blandit mi, in porttitor pede justo eu massa.', 'Samuele', 'Franciskus', '2022-11-01 20:51:34', '2023-04-19 13:07:30', 64),
('joo', 'Duis mattis egestas metus.', 'Warner', 'Latia', '2023-01-23 13:55:10', '2022-07-24 00:14:03', 118),
('joo', 'Etiam pretium iaculis justo.', 'Reuben', 'Tabb', '2022-10-28 09:05:04', '2023-01-21 18:37:50', 25),
('joo', 'Pellentesque eget nunc.', 'Merwin', 'Adam', '2022-08-13 09:04:20', '2023-05-22 02:57:10', 33),
('joo', 'Etiam faucibus cursus urna.', 'Marline', 'Catrina', '2022-10-14 10:50:58', '2023-05-08 00:00:05', 5),
('joo', 'Etiam faucibus cursus urna.', 'Marika', 'Meryl', '2023-05-11 05:17:54', '2023-05-07 03:44:55', 1),
('joo', 'Suspendisse ornare consequat lectus.', 'Kelila', 'Ella', '2022-11-02 22:21:58', '2022-10-16 15:52:10', 105),
('joo', 'Integer a nibh.', 'Aldridge', 'Dedra', '2023-03-07 07:45:18', '2023-04-24 21:12:09', 9),
('joo', 'Nullam sit amet turpis elementum ligula vehicula consequat.', 'Ursola', 'Christoffer', '2023-02-06 22:04:48', '2022-12-28 02:07:43', 8),
('joo', 'Quisque arcu libero, rutrum ac, lobortis vel, dapibus at, diam.', 'Hendrick', 'Homer', '2022-07-18 19:24:05', '2022-07-11 21:07:18', 44),
('joo', 'Integer ac neque.', 'Che', 'Dian', '2022-11-08 16:25:43', '2023-01-12 18:01:49', 38),
('joo', 'Maecenas tristique, est et tempus semper, est quam pharetra magna, ac consequat metus sapien ut nunc.', 'Tomlin', 'Keri', '2023-06-25 06:08:37', '2023-06-05 23:42:42', 121),
('joo', 'Lorem ipsum dolor sit amet, consectetuer adipiscing elit.', 'Mariann', 'Toby', '2023-01-12 15:33:39', '2023-06-03 23:03:12', 28),
('joo', 'Phasellus sit amet erat.', 'Lena', 'Mendel', '2022-10-26 08:55:42', '2023-04-17 06:47:43', 15),
('joo', 'Quisque arcu libero, rutrum ac, lobortis vel, dapibus at, diam.', 'Mariana', 'Ethe', '2023-03-04 12:36:19', '2022-09-12 00:45:00', 119),
('joo', 'Pellentesque viverra pede ac diam.', 'Meridel', 'Jermaine', '2022-07-13 19:35:01', '2022-09-30 00:19:49', 39),
('joo', 'Quisque ut erat.', 'Carmela', 'Darcey', '2022-09-29 14:43:51', '2022-09-09 15:19:32', 75),
('joo', 'Cum sociis natoque penatibus et magnis dis parturient montes, nascetur ridiculus mus.', 'Augusto', 'Meagan', '2023-04-17 07:36:40', '2022-11-18 07:13:28', 78),
('joo', 'Phasellus id sapien in sapien iaculis congue.', 'Heath', 'Lorna', '2023-04-08 08:38:18', '2022-08-28 00:27:15', 60),
('joo', 'Phasellus sit amet erat.', 'Duane', 'Marya', '2022-12-24 05:08:12', '2023-01-05 06:34:11', 41),
('joo', 'Cum sociis natoque penatibus et magnis dis parturient montes, nascetur ridiculus mus.', 'Bethanne', 'Neala', '2022-11-21 11:03:09', '2022-10-31 00:38:57', 79),
('joo', 'Donec diam neque, vestibulum eget, vulputate ut, ultrices vel, augue.', 'Oswell', 'Spike', '2023-01-17 20:01:05', '2023-01-26 22:51:39', 120),
('joo', 'Lorem ipsum dolor sit amet, consectetuer adipiscing elit.', 'Justino', 'Quinlan', '2022-10-13 04:29:43', '2022-08-24 18:09:28', 113),
('joo', 'Duis ac nibh.', 'Lincoln', 'Job', '2023-03-11 12:40:05', '2022-11-10 07:25:39', 21),
('joo', 'Aenean lectus.', 'Emeline', 'Dorri', '2022-11-29 16:20:49', '2023-06-08 08:40:37', 37),
('joo', 'Morbi non quam nec dui luctus rutrum.', 'Flynn', 'Guy', '2022-09-07 18:21:29', '2022-07-20 06:50:35', 102),
('joo', 'Cum sociis natoque penatibus et magnis dis parturient montes, nascetur ridiculus mus.', 'Grier', 'Conrade', '2023-05-10 13:59:49', '2022-08-29 05:18:52', 111),
('joo', 'Donec ut mauris eget massa tempor convallis.', 'Leo', 'Arin', '2023-05-02 09:24:18', '2023-03-25 10:55:24', 28),
('joo', 'Praesent id massa id nisl venenatis lacinia.', 'Rhea', 'Tami', '2023-06-03 08:42:09', '2022-09-30 18:23:02', 13),
('joo', 'Vestibulum sed magna at nunc commodo placerat.', 'Edeline', 'Willdon', '2023-05-03 05:14:56', '2023-05-15 08:03:48', 122),
('joo', 'In quis justo.', 'Casi', 'Merrill', '2023-02-26 11:20:26', '2023-07-01 00:28:18', 56),
('joo', 'Lorem ipsum dolor sit amet, consectetuer adipiscing elit.', 'Elroy', 'Artur', '2023-03-12 14:56:52', '2023-04-30 02:32:05', 55),
('joo', 'Nulla ut erat id mauris vulputate elementum.', 'Gustaf', 'Pamela', '2022-08-02 08:03:55', '2023-04-03 01:11:13', 53),
('joo', 'Phasellus id sapien in sapien iaculis congue.', 'Lidia', 'Donella', '2022-09-24 17:51:53', '2022-07-25 00:15:33', 90),
('joo', 'Morbi vestibulum, velit id pretium iaculis, diam erat fermentum justo, nec condimentum neque sapien placerat ante.', 'Homere', 'Nonnah', '2022-12-07 02:34:17', '2023-03-13 22:51:47', 78),
('joo', 'Vestibulum ante ipsum primis in faucibus orci luctus et ultrices posuere cubilia Curae; Mauris viverra diam vitae quam.', 'Helen', 'Gina', '2022-09-21 23:36:56', '2022-10-11 06:01:23', 80),
('joo', 'Integer non velit.', 'Elfie', 'Ardith', '2023-05-31 01:39:50', '2023-06-22 02:49:45', 31),
('joo', 'Donec ut mauris eget massa tempor convallis.', 'Jana', 'Gibb', '2022-11-08 03:59:32', '2022-12-10 01:55:43', 25),
('joo', 'Donec posuere metus vitae ipsum.', 'Thadeus', 'Kinny', '2022-11-18 02:38:48', '2023-06-20 04:36:01', 43),
('joo', 'In congue.', 'Sheila-kathryn', 'Page', '2022-11-21 21:19:15', '2022-10-18 21:16:15', 109),
('joo', 'Cras in purus eu magna vulputate luctus.', 'Robyn', 'Sharai', '2022-07-06 11:51:04', '2022-10-23 23:11:06', 9),
('joo', 'Integer ac leo.', 'Durward', 'Agatha', '2022-08-10 11:54:47', '2022-09-09 21:49:41', 43),
('joo', 'Suspendisse potenti.', 'Kare', 'Torrance', '2022-12-19 09:40:29', '2022-08-06 15:27:33', 85),
('joo', 'Vestibulum ante ipsum primis in faucibus orci luctus et ultrices posuere cubilia Curae; Donec pharetra, magna vestibulum aliquet ultrices, erat tortor sollicitudin mi, sit amet lobortis sapien sapien non mi.', 'Leone', 'Blanca', '2022-08-28 17:20:35', '2022-10-29 04:25:58', 3),
('joo', 'Nunc nisl.', 'Raeann', 'Gilberta', '2022-08-12 02:57:52', '2022-09-20 12:05:10', 72),
('joo', 'Vestibulum ante ipsum primis in faucibus orci luctus et ultrices posuere cubilia Curae; Duis faucibus accumsan odio.', 'Samantha', 'Gweneth', '2023-02-04 22:35:44', '2022-10-26 07:01:21', 84),
('joo', 'Etiam vel augue.', 'Melony', 'Ailey', '2023-01-25 16:32:06', '2022-11-04 13:06:39', 81),
('joo', 'Donec ut dolor.', 'Garth', 'Minette', '2023-03-23 07:21:16', '2022-09-07 18:52:46', 68),
('joo', 'In congue.', 'Emmalynne', 'Lorena', '2022-07-18 14:52:37', '2022-12-06 13:18:38', 39),
('joo', 'Nullam orci pede, venenatis non, sodales sed, tincidunt eu, felis.', 'Jobi', 'Hershel', '2023-02-18 12:00:59', '2022-09-11 23:10:00', 11),
('joo', 'Vestibulum ante ipsum primis in faucibus orci luctus et ultrices posuere cubilia Curae; Duis faucibus accumsan odio.', 'Dougy', 'Cullin', '2023-03-01 00:27:19', '2022-09-04 06:42:00', 15),
('joo', 'Donec odio justo, sollicitudin ut, suscipit a, feugiat et, eros.', 'Garnette', 'Janos', '2022-08-21 00:03:36', '2022-10-09 16:41:49', 36),
('joo', 'Morbi a ipsum.', 'Carine', 'Jo-anne', '2022-08-11 11:13:15', '2023-05-02 12:16:27', 113),
('joo', 'Maecenas tincidunt lacus at velit.', 'Denice', 'Katuscha', '2022-07-25 01:53:25', '2023-03-05 19:38:15', 59),
('joo', 'Etiam faucibus cursus urna.', 'Juliana', 'Amitie', '2022-10-30 19:57:03', '2023-06-18 09:11:15', 28),
('joo', 'Suspendisse accumsan tortor quis turpis.', 'Ermina', 'Gauthier', '2023-05-31 00:37:38', '2023-02-07 12:21:02', 59),
('joo', 'Nulla ut erat id mauris vulputate elementum.', 'Winona', 'Isis', '2022-10-17 13:20:28', '2022-11-21 02:37:00', 72),
('joo', 'Proin interdum mauris non ligula pellentesque ultrices.', 'Jermayne', 'Chrissy', '2022-08-01 20:09:38', '2022-09-30 22:32:46', 92),
('joo', 'Quisque porta volutpat erat.', 'Lucky', 'Milena', '2023-06-14 23:53:51', '2022-10-05 01:10:51', 9),
('joo', 'Sed accumsan felis.', 'Danita', 'Yoko', '2022-07-21 10:34:24', '2022-09-27 10:42:15', 111),
('joo', 'Proin at turpis a pede posuere nonummy.', 'Elset', 'Devondra', '2022-11-09 18:27:16', '2022-07-29 07:44:53', 36),
('joo', 'Aenean sit amet justo.', 'Nanni', 'Laurice', '2022-07-30 07:53:01', '2022-08-10 03:21:47', 8),
('joo', 'Duis consequat dui nec nisi volutpat eleifend.', 'Caye', 'Gardiner', '2023-02-10 04:33:06', '2023-01-01 21:51:56', 37),
('joo', 'Nullam porttitor lacus at turpis.', 'Shurlocke', 'Prentice', '2022-09-18 12:12:51', '2022-08-25 11:58:28', 116),
('joo', 'Curabitur gravida nisi at nibh.', 'Emeline', 'Oates', '2023-01-17 09:03:04', '2023-06-10 17:21:16', 71),
('joo', 'Integer ac neque.', 'Aguie', 'Dory', '2022-12-12 06:25:37', '2023-06-20 21:21:07', 65),
('joo', 'In congue.', 'Nevins', 'Gregoor', '2022-10-25 19:48:59', '2022-10-22 04:48:38', 76),
('joo', 'Maecenas tincidunt lacus at velit.', 'Burl', 'Gizela', '2022-09-10 13:15:50', '2022-12-30 00:36:21', 4),
('joo', 'Cras pellentesque volutpat dui.', 'Eulalie', 'Saw', '2023-06-25 08:20:32', '2023-06-19 05:03:11', 110),
('joo', 'Curabitur convallis.', 'Joachim', 'Arte', '2023-06-16 07:44:52', '2023-02-05 05:17:10', 84),
('joo', 'Cras pellentesque volutpat dui.', 'Morly', 'Robinet', '2023-03-20 08:22:15', '2022-09-28 02:00:24', 23),
('joo', 'Quisque arcu libero, rutrum ac, lobortis vel, dapibus at, diam.', 'Woodie', 'Jo', '2022-07-21 06:01:27', '2023-05-08 04:58:00', 85),
('joo', 'Donec quis orci eget orci vehicula condimentum.', 'Gilbertine', 'Berkly', '2022-09-24 04:38:13', '2023-02-23 20:24:53', 8),
('joo', 'Suspendisse ornare consequat lectus.', 'Annissa', 'My', '2022-07-31 16:42:58', '2023-05-08 06:25:58', 6),
('joo', 'Vestibulum ac est lacinia nisi venenatis tristique.', 'Doris', 'Rosalinde', '2022-10-01 19:54:21', '2022-12-11 07:58:07', 79),
('joo', 'Vivamus vestibulum sagittis sapien.', 'Andra', 'Vanni', '2022-09-14 20:11:05', '2022-09-29 11:12:52', 84),
('joo', 'Maecenas ut massa quis augue luctus tincidunt.', 'Harris', 'Cornelle', '2023-04-07 08:40:16', '2023-05-26 04:14:05', 116),
('joo', 'Quisque erat eros, viverra eget, congue eget, semper rutrum, nulla.', 'Woodman', 'Ardeen', '2022-11-05 19:46:31', '2023-03-16 16:47:07', 101),
('joo', 'Vivamus metus arcu, adipiscing molestie, hendrerit at, vulputate vitae, nisl.', 'Mylo', 'Nealson', '2023-05-16 16:26:18', '2022-11-08 04:22:52', 93),
('joo', 'Cras in purus eu magna vulputate luctus.', 'Mallissa', 'Hatti', '2022-11-01 13:36:38', '2023-05-22 17:39:12', 99),
('joo', 'Quisque ut erat.', 'Lizabeth', 'Erinn', '2022-12-09 05:31:03', '2023-01-27 16:24:51', 78),
('joo', 'Aenean fermentum.', 'Marietta', 'Sly', '2023-03-23 00:00:46', '2022-11-01 18:29:28', 62),
('joo', 'Vestibulum ante ipsum primis in faucibus orci luctus et ultrices posuere cubilia Curae; Duis faucibus accumsan odio.', 'Giles', 'Alexandrina', '2023-05-09 00:34:31', '2023-01-20 15:43:30', 27),
('joo', 'Nunc nisl.', 'Sybilla', 'Isabelle', '2023-04-11 12:20:13', '2022-09-04 13:24:36', 18),
('joo', 'Vestibulum ante ipsum primis in faucibus orci luctus et ultrices posuere cubilia Curae; Donec pharetra, magna vestibulum aliquet ultrices, erat tortor sollicitudin mi, sit amet lobortis sapien sapien non mi.', 'Lanette', 'Gannie', '2023-06-04 17:22:31', '2023-01-11 00:46:48', 13),
('joo', 'Fusce posuere felis sed lacus.', 'Joeann', 'Chic', '2023-03-16 01:49:29', '2023-05-09 01:58:24', 97),
('joo', 'Fusce congue, diam id ornare imperdiet, sapien urna pretium nisl, ut volutpat sapien arcu sed augue.', 'Adriena', 'Whittaker', '2023-03-12 13:27:45', '2023-06-21 09:59:17', 28),
('joo', 'Quisque ut erat.', 'Marjory', 'Gracia', '2022-09-13 13:20:37', '2023-01-04 18:03:41', 16),
('joo', 'Nunc rhoncus dui vel sem.', 'Elly', 'Allyce', '2022-12-24 19:55:57', '2023-01-01 22:56:30', 35),
('joo', 'Vestibulum sed magna at nunc commodo placerat.', 'Venita', 'Jory', '2022-08-13 20:59:55', '2022-10-13 16:57:28', 45),
('joo', 'Nam ultrices, libero non mattis pulvinar, nulla pede ullamcorper augue, a suscipit nulla elit ac nulla.', 'Daphne', 'Zena', '2022-09-13 15:32:23', '2023-06-30 03:31:30', 46),
('joo', 'Curabitur convallis.', 'Free', 'Sherman', '2023-03-28 05:55:40', '2022-09-19 23:58:20', 25),
('joo', 'Nullam porttitor lacus at turpis.', 'Basia', 'Reinaldo', '2022-07-12 00:44:50', '2023-05-31 19:24:27', 31),
('joo', 'Curabitur convallis.', 'Leona', 'Maddie', '2022-12-28 00:53:55', '2023-05-27 00:41:42', 67),
('joo', 'Donec quis orci eget orci vehicula condimentum.', 'Dex', 'Hamish', '2023-03-24 09:41:10', '2022-12-02 03:54:12', 21),
('joo', 'Suspendisse potenti.', 'Aubert', 'Meghan', '2023-04-12 02:38:10', '2023-03-29 02:37:29', 39),
('joo', 'Quisque erat eros, viverra eget, congue eget, semper rutrum, nulla.', 'Jenda', 'Flory', '2022-09-13 16:01:26', '2023-06-23 15:18:26', 28),
('joo', 'Aenean lectus.', 'Vinita', 'Renaldo', '2023-07-01 10:13:32', '2022-12-26 09:30:01', 98),
('joo', 'Donec vitae nisi.', 'Erwin', 'Prinz', '2022-10-18 05:13:28', '2022-10-23 02:43:21', 70),
('joo', 'Donec quis orci eget orci vehicula condimentum.', 'Robbert', 'Arabel', '2023-05-07 04:19:51', '2023-02-10 02:45:15', 71),
('joo', 'Quisque ut erat.', 'Cora', 'Mendie', '2022-07-29 13:57:41', '2022-10-08 00:15:23', 45),
('joo', 'Vivamus tortor.', 'Sauncho', 'Payton', '2022-11-17 01:52:26', '2022-08-18 15:40:32', 59),
('joo', 'Nulla suscipit ligula in lacus.', 'Kev', 'Brendin', '2023-02-17 10:24:30', '2023-01-03 09:53:55', 21),
('joo', 'Fusce consequat.', 'Marlo', 'Jasen', '2023-04-17 07:02:24', '2023-02-11 03:07:48', 98),
('joo', 'Praesent lectus.', 'Marla', 'Lydia', '2022-11-14 21:32:39', '2022-08-10 16:47:59', 96),
('joo', 'Nulla ac enim.', 'Davina', 'Deni', '2023-04-05 01:41:41', '2022-10-29 10:17:57', 44),
('joo', 'Fusce consequat.', 'Rhodie', 'Addia', '2022-07-10 23:36:13', '2022-10-09 22:08:35', 115),
('joo', 'In quis justo.', 'Ferrell', 'Rickie', '2023-05-08 01:34:22', '2023-03-16 00:13:41', 111),
('joo', 'Vestibulum quam sapien, varius ut, blandit non, interdum in, ante.', 'Consuelo', 'Almeta', '2023-02-25 18:17:06', '2022-11-04 23:48:41', 15),
('joo', 'In hac habitasse platea dictumst.', 'Bob', 'Kym', '2022-08-12 09:36:19', '2023-04-15 23:38:32', 2),
('joo', 'Pellentesque viverra pede ac diam.', 'Roarke', 'Fitzgerald', '2022-07-16 17:53:19', '2022-11-16 18:53:11', 50),
('joo', 'Nullam orci pede, venenatis non, sodales sed, tincidunt eu, felis.', 'Joshua', 'Parke', '2023-06-19 23:58:11', '2023-02-28 09:30:39', 43),
('joo', 'Suspendisse accumsan tortor quis turpis.', 'Elia', 'Mae', '2023-05-05 14:42:46', '2022-12-19 22:41:07', 9),
('joo', 'Sed vel enim sit amet nunc viverra dapibus.', 'Gerta', 'Lonnie', '2022-07-11 08:50:46', '2022-09-08 19:19:28', 45),
('joo', 'Sed vel enim sit amet nunc viverra dapibus.', 'Celestyna', 'Jordan', '2023-06-08 01:06:56', '2023-03-01 03:10:48', 121),
('joo', 'Suspendisse potenti.', 'Gilbert', 'Hermann', '2022-10-16 15:03:21', '2022-08-03 03:09:47', 120),
('joo', 'Donec quis orci eget orci vehicula condimentum.', 'Charlotta', 'Clyve', '2022-12-06 11:27:41', '2022-10-08 22:29:14', 5),
('joo', 'Donec odio justo, sollicitudin ut, suscipit a, feugiat et, eros.', 'Remus', 'Frasquito', '2022-08-14 22:28:59', '2022-12-14 20:27:10', 117),
('joo', 'Curabitur in libero ut massa volutpat convallis.', 'Darlene', 'Christabel', '2022-08-11 16:47:02', '2023-02-13 05:03:29', 26),
('joo', 'Donec posuere metus vitae ipsum.', 'Christel', 'Gabi', '2023-02-14 23:37:01', '2023-03-18 10:38:23', 30),
('joo', 'Nam nulla.', 'Cordey', 'Rudy', '2022-08-06 18:48:16', '2022-10-14 00:00:52', 25),
('joo', 'Nulla mollis molestie lorem.', 'Sadye', 'Rosina', '2023-01-15 05:55:45', '2022-08-14 14:58:16', 15),
('joo', 'Nulla tellus.', 'Terza', 'Menard', '2022-12-26 11:34:25', '2023-03-21 08:38:49', 45),
('joo', 'Morbi ut odio.', 'Olag', 'Blane', '2022-09-24 00:36:22', '2022-07-13 00:43:37', 16),
('joo', 'Etiam justo.', 'Murray', 'Aldric', '2022-08-09 04:51:56', '2022-10-02 01:53:23', 120),
('joo', 'Nulla ac enim.', 'Korella', 'Axe', '2022-07-14 15:00:44', '2022-12-07 04:23:37', 38),
('joo', 'Cum sociis natoque penatibus et magnis dis parturient montes, nascetur ridiculus mus.', 'Sherm', 'Brig', '2023-05-16 18:42:08', '2023-02-23 11:24:27', 22),
('joo', 'Pellentesque eget nunc.', 'Winny', 'Lenka', '2022-10-22 16:51:27', '2023-01-03 04:57:41', 83),
('joo', 'Proin at turpis a pede posuere nonummy.', 'Rodolfo', 'Sanson', '2022-08-06 01:41:07', '2022-09-18 10:11:41', 116),
('joo', 'Aliquam quis turpis eget elit sodales scelerisque.', 'Cornie', 'Angelique', '2023-06-19 13:43:47', '2022-12-16 16:03:45', 119),
('joo', 'Donec ut mauris eget massa tempor convallis.', 'Elmo', 'Zacharie', '2022-08-28 09:04:24', '2023-06-02 03:10:58', 5),
('joo', 'Pellentesque eget nunc.', 'Jewell', 'Claiborne', '2023-04-03 10:45:31', '2023-02-08 15:17:23', 9),
('joo', 'Donec diam neque, vestibulum eget, vulputate ut, ultrices vel, augue.', 'Dominik', 'Arleen', '2023-06-13 15:01:29', '2022-09-07 02:48:33', 72),
('joo', 'Aliquam quis turpis eget elit sodales scelerisque.', 'Carney', 'Carl', '2023-03-05 16:21:32', '2022-09-18 00:17:24', 85),
('joo', 'In sagittis dui vel nisl.', 'Colver', 'Enrique', '2022-08-25 07:34:13', '2022-07-08 03:34:36', 114),
('joo', 'Sed accumsan felis.', 'Gabriello', 'Blinnie', '2022-12-06 23:33:17', '2022-11-26 14:47:03', 110),
('joo', 'Mauris enim leo, rhoncus sed, vestibulum sit amet, cursus id, turpis.', 'Kalil', 'Celestina', '2023-06-22 14:08:40', '2023-04-12 10:03:07', 101),
('joo', 'Maecenas rhoncus aliquam lacus.', 'Annissa', 'Lisabeth', '2023-03-26 10:31:37', '2023-02-01 06:13:48', 9),
('joo', 'Nulla mollis molestie lorem.', 'Sada', 'Teddie', '2023-06-21 09:22:24', '2022-09-04 21:45:30', 38),
('joo', 'Donec diam neque, vestibulum eget, vulputate ut, ultrices vel, augue.', 'Glenn', 'Rutledge', '2022-08-29 03:05:03', '2023-05-19 22:29:52', 69),
('joo', 'Nam dui.', 'Jsandye', 'Sophey', '2023-05-15 18:33:42', '2022-08-19 06:47:44', 76),
('joo', 'Proin interdum mauris non ligula pellentesque ultrices.', 'Anya', 'Tamma', '2023-04-04 06:40:56', '2023-03-26 22:51:27', 100),
('joo', 'Donec vitae nisi.', 'Junette', 'Eydie', '2022-11-21 21:09:03', '2023-03-29 10:29:07', 105),
('joo', 'Vestibulum quam sapien, varius ut, blandit non, interdum in, ante.', 'Clevie', 'Odilia', '2023-06-01 21:49:07', '2023-01-29 16:09:22', 47),
('joo', 'Sed sagittis.', 'Klement', 'Brockie', '2023-04-12 00:59:24', '2022-12-02 10:53:35', 41),
('joo', 'Proin eu mi.', 'Egan', 'Shaughn', '2023-03-31 05:47:11', '2023-04-28 07:23:18', 71),
('joo', 'In eleifend quam a odio.', 'Aldon', 'Isahella', '2023-01-15 06:35:19', '2022-12-29 05:38:48', 88),
('joo', 'Vivamus tortor.', 'Jerry', 'Ginevra', '2023-06-29 20:02:51', '2022-11-16 09:49:39', 37),
('joo', 'In hac habitasse platea dictumst.', 'Hedwig', 'Elora', '2023-03-02 13:45:33', '2022-07-10 19:12:57', 80),
('joo', 'In est risus, auctor sed, tristique in, tempus sit amet, sem.', 'Stewart', 'Dayle', '2022-12-09 06:07:22', '2023-04-17 11:55:04', 33),
('joo', 'Duis bibendum, felis sed interdum venenatis, turpis enim blandit mi, in porttitor pede justo eu massa.', 'Kennan', 'Any', '2022-10-22 14:11:19', '2022-11-19 21:15:37', 80),
('joo', 'Morbi sem mauris, laoreet ut, rhoncus aliquet, pulvinar sed, nisl.', 'Trueman', 'Alaine', '2023-03-06 13:23:44', '2022-12-06 09:30:56', 26),
('joo', 'Nullam sit amet turpis elementum ligula vehicula consequat.', 'Devonna', 'Querida', '2022-08-30 04:51:28', '2022-12-30 22:57:29', 49),
('joo', 'In tempor, turpis nec euismod scelerisque, quam turpis adipiscing lorem, vitae mattis nibh ligula nec sem.', 'Alford', 'Gabe', '2022-10-03 09:42:31', '2022-09-08 05:47:45', 101),
('joo', 'Nulla tempus.', 'Ingaberg', 'Joly', '2022-10-20 03:53:10', '2023-05-28 07:41:09', 18),
('joo', 'Quisque porta volutpat erat.', 'Cassaundra', 'Michaela', '2023-01-10 18:23:13', '2022-07-07 17:25:23', 85),
('joo', 'Fusce consequat.', 'Charmine', 'Field', '2023-04-11 13:40:57', '2022-09-12 20:56:41', 53),
('joo', 'Morbi vel lectus in quam fringilla rhoncus.', 'Wendeline', 'Thibaut', '2023-05-31 03:20:32', '2022-10-11 23:10:30', 47),
('joo', 'Cum sociis natoque penatibus et magnis dis parturient montes, nascetur ridiculus mus.', 'Geraldine', 'Patricio', '2022-08-06 19:03:16', '2023-01-12 19:30:04', 102),
('joo', 'Praesent lectus.', 'Kimberli', 'Kathryn', '2023-03-13 01:51:49', '2022-08-02 06:58:47', 110),
('joo', 'Curabitur in libero ut massa volutpat convallis.', 'Burt', 'Malvina', '2023-06-23 15:05:26', '2022-07-13 05:56:32', 76),
('joo', 'In quis justo.', 'Ranique', 'Sergeant', '2022-08-21 15:53:23', '2022-11-30 11:05:32', 13),
('joo', 'Aenean lectus.', 'Bastien', 'Marje', '2022-11-25 14:47:20', '2023-03-31 13:17:03', 37),
('joo', 'Nullam porttitor lacus at turpis.', 'Jarad', 'Guthry', '2022-08-15 18:40:22', '2022-10-28 14:25:57', 50),
('joo', 'Pellentesque eget nunc.', 'Ariella', 'Lurette', '2022-12-24 23:22:00', '2022-10-05 09:09:30', 3),
('joo', 'Phasellus in felis.', 'Quinlan', 'Gilles', '2023-02-23 23:56:49', '2023-05-04 23:35:41', 86),
('joo', 'Vestibulum ac est lacinia nisi venenatis tristique.', 'Antonella', 'Philippine', '2022-11-29 21:16:23', '2022-10-22 22:44:56', 1),
('joo', 'Integer ac neque.', 'Kalina', 'Curr', '2023-05-20 09:50:05', '2023-04-14 16:59:20', 32),
('joo', 'Duis aliquam convallis nunc.', 'Monroe', 'Bernhard', '2023-06-03 17:02:41', '2022-11-16 19:39:31', 31),
('joo', 'Cras mi pede, malesuada in, imperdiet et, commodo vulputate, justo.', 'Herb', 'Darnall', '2022-12-21 03:13:18', '2023-06-08 21:22:25', 65),
('joo', 'Cum sociis natoque penatibus et magnis dis parturient montes, nascetur ridiculus mus.', 'Ursula', 'Glennie', '2023-03-26 07:12:47', '2022-12-23 22:31:08', 69),
('joo', 'Maecenas tristique, est et tempus semper, est quam pharetra magna, ac consequat metus sapien ut nunc.', 'Rowland', 'Anet', '2023-04-28 11:41:57', '2023-02-18 16:21:25', 3),
('joo', 'Integer a nibh.', 'Cacilie', 'Fionnula', '2023-03-17 08:44:07', '2023-03-12 16:06:19', 6),
('joo', 'Aenean auctor gravida sem.', 'Bradford', 'Chelsea', '2022-08-06 15:36:19', '2023-02-12 04:38:27', 32),
('joo', 'Nulla mollis molestie lorem.', 'Kary', 'Joceline', '2022-11-28 03:08:54', '2023-02-11 14:20:16', 66),
('joo', 'Vestibulum rutrum rutrum neque.', 'Cozmo', 'Aland', '2023-03-10 14:51:37', '2023-06-07 06:15:19', 67),
('joo', 'Integer aliquet, massa id lobortis convallis, tortor risus dapibus augue, vel accumsan tellus nisi eu orci.', 'Kirbee', 'Leontyne', '2022-10-27 21:32:24', '2022-08-31 11:23:01', 43),
('joo', 'In hac habitasse platea dictumst.', 'Orlan', 'Marissa', '2022-09-20 05:32:41', '2022-08-13 05:07:41', 59),
('joo', 'Fusce congue, diam id ornare imperdiet, sapien urna pretium nisl, ut volutpat sapien arcu sed augue.', 'Nicky', 'Sada', '2022-12-12 17:59:08', '2023-01-23 16:55:48', 58),
('joo', 'Nulla tellus.', 'Rani', 'Perl', '2022-12-27 23:27:42', '2023-05-12 15:43:47', 34),
('joo', 'Donec ut dolor.', 'Lorrie', 'Rheba', '2022-10-15 16:39:15', '2023-04-01 02:39:26', 88),
('joo', 'Suspendisse potenti.', 'Randie', 'Quincy', '2022-09-09 07:59:50', '2022-12-17 21:10:54', 80),
('joo', 'Maecenas tristique, est et tempus semper, est quam pharetra magna, ac consequat metus sapien ut nunc.', 'Lambert', 'Gwendolyn', '2022-12-14 11:46:54', '2023-01-01 04:24:47', 67),
('joo', 'Sed accumsan felis.', 'Caro', 'Marlon', '2022-11-17 20:40:57', '2022-12-02 09:31:49', 56),
('joo', 'Aliquam non mauris.', 'Cedric', 'Stormie', '2023-06-18 06:24:09', '2023-01-12 05:56:40', 25),
('joo', 'Donec ut dolor.', 'Kordula', 'Malory', '2022-07-30 17:48:12', '2023-04-08 11:05:32', 2),
('joo', 'Donec odio justo, sollicitudin ut, suscipit a, feugiat et, eros.', 'Rosana', 'Emilio', '2022-12-23 14:06:36', '2023-03-18 03:13:28', 95),
('joo', 'Nulla tempus.', 'Hussein', 'Alanna', '2023-01-06 18:35:01', '2023-01-25 22:09:32', 28),
('joo', 'Donec posuere metus vitae ipsum.', 'Aloise', 'Wylie', '2022-11-02 07:52:12', '2023-04-22 09:43:01', 60),
('joo', 'Sed sagittis.', 'Amalita', 'Debera', '2022-09-21 12:32:39', '2023-06-14 12:47:54', 74),
('joo', 'Integer ac leo.', 'Olenolin', 'Karena', '2023-02-05 09:43:44', '2022-11-30 07:09:27', 3),
('joo', 'Vestibulum ante ipsum primis in faucibus orci luctus et ultrices posuere cubilia Curae; Donec pharetra, magna vestibulum aliquet ultrices, erat tortor sollicitudin mi, sit amet lobortis sapien sapien non mi.', 'August', 'Mollee', '2023-02-26 09:14:59', '2022-08-31 13:16:11', 71),
('joo', 'Integer tincidunt ante vel ipsum.', 'Papageno', 'Ariana', '2022-08-25 23:59:30', '2023-04-13 10:53:53', 104),
('joo', 'Donec odio justo, sollicitudin ut, suscipit a, feugiat et, eros.', 'Catharina', 'Innis', '2023-06-23 12:22:33', '2023-02-22 08:13:25', 99),
('joo', 'Maecenas tincidunt lacus at velit.', 'Colan', 'Nowell', '2023-04-25 06:02:10', '2023-05-21 20:42:33', 49),
('joo', 'Integer a nibh.', 'Jannel', 'Kiersten', '2022-07-13 20:11:24', '2023-04-09 14:35:35', 61),
('joo', 'Lorem ipsum dolor sit amet, consectetuer adipiscing elit.', 'Dulce', 'Marga', '2023-06-30 01:34:06', '2023-06-14 15:58:10', 96),
('joo', 'Suspendisse potenti.', 'Laurella', 'Scotty', '2023-03-03 19:19:19', '2022-11-03 23:05:59', 44),
('joo', 'In sagittis dui vel nisl.', 'Caitrin', 'Galina', '2022-09-18 11:20:39', '2022-07-19 19:12:58', 54),
('joo', 'Fusce consequat.', 'Eugine', 'Dominik', '2022-08-12 22:18:52', '2022-07-08 18:44:51', 103),
('joo', 'Cras pellentesque volutpat dui.', 'Helena', 'Abdel', '2022-11-09 07:11:28', '2022-10-02 02:40:00', 123),
('joo', 'Etiam pretium iaculis justo.', 'Mada', 'Seana', '2023-01-28 02:40:35', '2022-07-14 04:28:26', 118),
('joo', 'Mauris sit amet eros.', 'Morna', 'Luciana', '2023-02-27 11:33:57', '2022-09-29 10:53:26', 34),
('joo', 'Morbi ut odio.', 'Hansiain', 'Ophelia', '2022-07-30 15:17:39', '2023-02-16 11:30:11', 105),
('joo', 'Duis at velit eu est congue elementum.', 'Lillian', 'Carie', '2022-11-12 10:24:22', '2023-06-16 13:26:58', 34),
('joo', 'Maecenas tincidunt lacus at velit.', 'Debora', 'Sam', '2022-11-10 10:37:33', '2023-05-09 13:59:45', 65),
('joo', 'Etiam faucibus cursus urna.', 'Cherrita', 'Monika', '2022-12-13 20:38:41', '2023-01-25 15:48:19', 48),
('joo', 'Praesent blandit.', 'Ondrea', 'Alexa', '2023-05-04 00:03:22', '2023-02-26 20:48:37', 49),
('joo', 'Nulla ac enim.', 'Kerrin', 'Rogers', '2023-04-02 21:27:27', '2023-03-26 19:38:47', 39),
('joo', 'Etiam vel augue.', 'Mano', 'Merridie', '2023-05-31 18:48:49', '2023-07-02 09:34:33', 12),
('joo', 'Fusce lacus purus, aliquet at, feugiat non, pretium quis, lectus.', 'Lorilyn', 'Gunilla', '2022-07-30 07:36:35', '2022-07-18 08:41:53', 92),
('joo', 'Nullam sit amet turpis elementum ligula vehicula consequat.', 'Blanch', 'Gnni', '2023-06-18 23:05:23', '2023-04-12 10:07:04', 69),
('joo', 'Proin eu mi.', 'Otes', 'Deane', '2022-08-11 14:45:26', '2022-07-21 09:06:39', 109),
('joo', 'Morbi odio odio, elementum eu, interdum eu, tincidunt in, leo.', 'Ella', 'Cahra', '2022-07-18 04:24:24', '2023-01-03 15:38:32', 40),
('joo', 'Aliquam non mauris.', 'Ignacius', 'Boniface', '2023-03-21 21:31:02', '2022-07-20 01:01:22', 92),
('joo', 'Duis ac nibh.', 'Ronny', 'Thorin', '2023-03-19 18:29:01', '2023-04-16 20:46:22', 122),
('joo', 'Nunc rhoncus dui vel sem.', 'Elwyn', 'Blanch', '2022-07-21 21:48:31', '2023-01-10 05:59:12', 107),
('joo', 'Cras non velit nec nisi vulputate nonummy.', 'Jeannie', 'Glynnis', '2022-09-17 13:39:06', '2022-08-06 19:58:53', 23),
('joo', 'Quisque arcu libero, rutrum ac, lobortis vel, dapibus at, diam.', 'Geoffry', 'Mill', '2023-07-03 05:59:38', '2023-02-24 21:42:14', 48),
('joo', 'Maecenas rhoncus aliquam lacus.', 'Winonah', 'Nonah', '2022-07-19 12:35:09', '2022-11-09 01:48:47', 35),
('joo', 'Pellentesque viverra pede ac diam.', 'Bibbye', 'Franz', '2022-11-24 08:33:47', '2022-09-15 19:13:23', 74),
('joo', 'Sed ante.', 'Robb', 'Cullen', '2023-03-10 03:16:02', '2022-12-08 23:10:54', 93),
('joo', 'Lorem ipsum dolor sit amet, consectetuer adipiscing elit.', 'Chrissie', 'Quentin', '2023-04-29 02:33:59', '2022-11-02 13:34:21', 10),
('joo', 'Donec diam neque, vestibulum eget, vulputate ut, ultrices vel, augue.', 'Jamima', 'Devin', '2023-03-11 07:36:47', '2023-03-17 10:55:25', 82),
('joo', 'Pellentesque ultrices mattis odio.', 'Thane', 'Deeanne', '2023-05-10 20:37:53', '2022-11-11 23:52:15', 119),
('joo', 'Nulla nisl.', 'Cymbre', 'Emelina', '2023-01-31 17:17:49', '2022-08-31 16:36:16', 52),
('joo', 'Duis at velit eu est congue elementum.', 'Creighton', 'Lexy', '2023-01-22 15:27:25', '2022-08-14 09:09:05', 38),
('joo', 'Sed accumsan felis.', 'Lexie', 'Marnie', '2023-01-17 10:58:40', '2023-06-27 14:54:44', 6),
('joo', 'Nam ultrices, libero non mattis pulvinar, nulla pede ullamcorper augue, a suscipit nulla elit ac nulla.', 'Fredrick', 'Shannon', '2022-12-08 00:12:24', '2023-01-03 07:39:45', 74),
('joo', 'Etiam faucibus cursus urna.', 'Warner', 'Vincents', '2023-05-07 15:24:01', '2023-03-25 04:21:08', 15),
('joo', 'Aliquam sit amet diam in magna bibendum imperdiet.', 'Gretna', 'Rock', '2022-11-08 00:38:28', '2022-12-13 20:52:39', 112),
('joo', 'Vivamus vestibulum sagittis sapien.', 'Tarrah', 'Harrison', '2023-05-25 12:16:01', '2022-09-29 01:04:18', 26),
('joo', 'Proin eu mi.', 'Maurita', 'Candra', '2023-05-27 16:31:13', '2022-08-08 05:20:16', 35),
('joo', 'In congue.', 'Guilbert', 'Baillie', '2022-09-13 17:40:13', '2022-09-28 20:36:16', 68),
('joo', 'Praesent id massa id nisl venenatis lacinia.', 'Florinda', 'Alica', '2022-11-07 18:51:35', '2022-12-10 00:55:57', 84),
('joo', 'Vivamus in felis eu sapien cursus vestibulum.', 'Elli', 'Lynelle', '2023-05-14 07:20:50', '2023-04-14 14:56:01', 88),
('joo', 'Vestibulum rutrum rutrum neque.', 'Gracie', 'Susanna', '2023-06-12 02:43:52', '2022-09-01 11:02:39', 45),
('joo', 'Phasellus sit amet erat.', 'Gloriane', 'Felice', '2023-05-11 07:22:14', '2023-05-10 00:41:16', 69),
('joo', 'Morbi a ipsum.', 'Alidia', 'Fawne', '2022-09-01 02:02:39', '2023-05-13 18:54:57', 87),
('joo', 'Quisque id justo sit amet sapien dignissim vestibulum.', 'Lora', 'Winifield', '2023-02-17 20:03:48', '2023-03-03 01:50:41', 106),
('joo', 'In congue.', 'Sissie', 'Franky', '2022-07-12 02:49:45', '2023-05-21 09:22:37', 5),
('joo', 'Lorem ipsum dolor sit amet, consectetuer adipiscing elit.', 'Eleanore', 'Gretta', '2023-05-20 12:39:13', '2023-06-01 15:07:02', 89),
('joo', 'Quisque erat eros, viverra eget, congue eget, semper rutrum, nulla.', 'Brigham', 'Herbie', '2022-12-08 18:16:06', '2023-05-06 18:15:08', 2),
('joo', 'Nulla tempus.', 'Sol', 'Shirleen', '2022-12-07 10:06:39', '2023-01-07 22:08:21', 39),
('joo', 'Nam dui.', 'Clari', 'Alexandra', '2022-11-12 03:27:05', '2023-04-23 20:46:48', 110),
('joo', 'Morbi odio odio, elementum eu, interdum eu, tincidunt in, leo.', 'Kelley', 'Tiebout', '2023-03-16 20:04:36', '2023-04-07 02:03:03', 74),
('joo', 'In est risus, auctor sed, tristique in, tempus sit amet, sem.', 'Cornelia', 'Andra', '2023-06-14 19:14:07', '2023-07-04 00:08:55', 43),
('joo', 'Pellentesque viverra pede ac diam.', 'Pris', 'Fabio', '2023-04-13 03:39:48', '2023-03-11 11:10:26', 96),
('joo', 'Sed sagittis.', 'Aleta', 'Junina', '2022-11-20 09:38:53', '2022-07-27 17:34:10', 32),
('joo', 'Maecenas tincidunt lacus at velit.', 'Ermin', 'Willa', '2022-09-15 05:51:12', '2023-06-09 04:33:10', 29),
('joo', 'Vivamus vel nulla eget eros elementum pellentesque.', 'Anne-corinne', 'Noreen', '2023-04-18 16:05:20', '2022-07-20 00:06:11', 120),
('joo', 'Ut at dolor quis odio consequat varius.', 'Kit', 'Dede', '2023-04-13 21:17:06', '2022-09-01 17:14:57', 46),
('joo', 'Aliquam non mauris.', 'Forester', 'Itch', '2023-03-22 22:49:41', '2023-04-18 00:27:20', 80),
('joo', 'Vestibulum ac est lacinia nisi venenatis tristique.', 'Pansy', 'Renee', '2022-11-07 01:58:26', '2022-08-08 00:26:51', 61),
('joo', 'Pellentesque eget nunc.', 'Ynez', 'Stephine', '2023-04-16 21:59:32', '2023-05-26 00:52:35', 76),
('joo', 'Aenean auctor gravida sem.', 'Antonietta', 'Parsifal', '2022-10-16 04:43:28', '2022-09-06 07:28:10', 25),
('joo', 'Nulla tempus.', 'Ag', 'Melamie', '2022-09-11 16:36:05', '2022-10-13 20:20:22', 23),
('joo', 'Maecenas ut massa quis augue luctus tincidunt.', 'Ethyl', 'Tracee', '2023-01-16 03:26:59', '2022-09-30 04:19:20', 103),
('joo', 'In eleifend quam a odio.', 'Gay', 'Sylas', '2023-03-06 00:32:06', '2022-11-15 20:44:52', 16),
('joo', 'Nulla tempus.', 'Sharron', 'Eulalie', '2023-03-14 05:07:38', '2023-01-20 13:26:49', 80),
('joo', 'Cras mi pede, malesuada in, imperdiet et, commodo vulputate, justo.', 'Romola', 'Bernelle', '2022-10-04 10:54:58', '2023-04-02 11:43:52', 102),
('joo', 'Morbi odio odio, elementum eu, interdum eu, tincidunt in, leo.', 'Tobe', 'Galina', '2022-11-10 09:01:45', '2023-02-07 19:55:30', 70),
('joo', 'Praesent blandit.', 'Avram', 'Goldia', '2022-09-18 00:46:59', '2022-12-25 15:58:40', 12),
('joo', 'Praesent id massa id nisl venenatis lacinia.', 'Lexine', 'Hedy', '2022-11-13 15:29:19', '2022-08-11 18:57:07', 65),
('joo', 'Curabitur convallis.', 'Sofie', 'Teddy', '2022-09-18 19:57:42', '2023-06-10 01:08:22', 115),
('joo', 'Nunc purus.', 'Caryl', 'Arni', '2022-09-18 11:33:58', '2023-06-06 21:51:39', 28),
('joo', 'Nullam sit amet turpis elementum ligula vehicula consequat.', 'Ricki', 'Tamqrah', '2023-01-18 18:56:19', '2022-12-12 12:23:23', 70),
('joo', 'Etiam vel augue.', 'Brynne', 'Arlyn', '2023-03-25 22:53:28', '2023-05-05 00:05:21', 12),
('joo', 'Donec dapibus.', 'Terese', 'Jess', '2022-08-08 17:16:04', '2022-08-24 12:46:23', 15),
('joo', 'Proin at turpis a pede posuere nonummy.', 'Henrieta', 'Arly', '2023-01-23 03:15:18', '2023-03-23 19:33:33', 40),
('joo', 'Nam tristique tortor eu pede.', 'Cross', 'Lind', '2023-04-30 12:44:18', '2023-04-22 17:36:54', 71),
('joo', 'Morbi odio odio, elementum eu, interdum eu, tincidunt in, leo.', 'Enrico', 'Mollee', '2022-12-11 04:46:41', '2022-09-20 04:54:31', 2),
('joo', 'Sed accumsan felis.', 'Trenna', 'Tera', '2022-10-10 02:38:09', '2023-06-08 07:43:16', 17),
('joo', 'Aenean auctor gravida sem.', 'Elladine', 'Janette', '2022-08-03 14:39:45', '2022-08-28 01:00:41', 4),
('joo', 'Duis aliquam convallis nunc.', 'Holli', 'Derry', '2022-12-04 09:13:02', '2022-08-20 00:30:20', 107),
('joo', 'Ut tellus.', 'Jeramie', 'Charis', '2022-07-09 13:00:30', '2022-08-15 19:00:38', 11),
('joo', 'Duis mattis egestas metus.', 'Way', 'Ernest', '2023-04-25 10:14:08', '2022-07-29 06:59:16', 78),
('joo', 'Donec dapibus.', 'Cindee', 'Neely', '2023-01-10 21:22:08', '2023-01-16 17:34:39', 2),
('joo', 'Proin leo odio, porttitor id, consequat in, consequat ut, nulla.', 'Tabby', 'Georgie', '2022-10-23 22:02:56', '2022-07-09 06:39:03', 23),
('joo', 'Mauris enim leo, rhoncus sed, vestibulum sit amet, cursus id, turpis.', 'Corene', 'Barbie', '2023-06-07 23:18:04', '2022-09-26 13:36:34', 103),
('joo', 'Proin interdum mauris non ligula pellentesque ultrices.', 'Jayme', 'Kellsie', '2022-12-08 15:09:28', '2022-11-14 05:12:46', 14),
('joo', 'Fusce consequat.', 'Adrianne', 'Carrissa', '2023-05-09 09:07:03', '2022-09-24 08:22:31', 20),
('joo', 'Morbi vestibulum, velit id pretium iaculis, diam erat fermentum justo, nec condimentum neque sapien placerat ante.', 'Lemmy', 'Jarid', '2023-01-22 04:41:22', '2023-03-25 04:38:15', 62),
('joo', 'Nulla neque libero, convallis eget, eleifend luctus, ultricies eu, nibh.', 'Kerwin', 'Hew', '2022-07-28 10:42:53', '2023-01-20 18:44:11', 42),
('joo', 'In hac habitasse platea dictumst.', 'Catrina', 'Tim', '2022-12-15 11:36:13', '2023-06-24 18:53:59', 26),
('joo', 'Suspendisse ornare consequat lectus.', 'Gae', 'Brett', '2022-09-24 09:29:44', '2022-07-29 06:34:04', 86),
('joo', 'Vestibulum quam sapien, varius ut, blandit non, interdum in, ante.', 'Ryley', 'Balduin', '2022-07-18 13:06:18', '2023-03-20 18:53:49', 34),
('joo', 'Vestibulum rutrum rutrum neque.', 'Valentin', 'Nevile', '2023-06-13 03:54:04', '2022-11-29 19:35:14', 6),
('joo', 'Maecenas leo odio, condimentum id, luctus nec, molestie sed, justo.', 'Sheena', 'Christabel', '2022-07-29 00:37:28', '2022-07-09 19:09:11', 67),
('joo', 'Vestibulum ac est lacinia nisi venenatis tristique.', 'Stanford', 'Renard', '2023-04-20 17:22:44', '2022-09-04 09:04:46', 55),
('joo', 'In hac habitasse platea dictumst.', 'Stephie', 'Stearn', '2022-07-21 00:58:58', '2023-04-01 23:07:49', 1),
('joo', 'Proin eu mi.', 'Ave', 'Cindra', '2022-11-22 07:41:54', '2023-02-04 23:55:27', 118),
('joo', 'Donec quis orci eget orci vehicula condimentum.', 'Jelene', 'Urbano', '2023-04-18 04:47:26', '2023-03-07 18:28:56', 116),
('joo', 'Cras mi pede, malesuada in, imperdiet et, commodo vulputate, justo.', 'Ingrid', 'Reider', '2023-03-16 23:12:03', '2022-10-12 11:20:53', 58),
('joo', 'Fusce consequat.', 'Dannye', 'Larine', '2023-01-11 15:19:38', '2023-01-05 09:38:40', 95),
('joo', 'Nullam molestie nibh in lectus.', 'Stepha', 'Marven', '2022-12-01 22:08:55', '2023-06-21 17:36:43', 110),
('joo', 'Suspendisse ornare consequat lectus.', 'Bebe', 'Harlen', '2023-02-25 08:08:33', '2022-10-02 17:12:22', 5),
('joo', 'Maecenas tristique, est et tempus semper, est quam pharetra magna, ac consequat metus sapien ut nunc.', 'Barney', 'Dari', '2022-07-06 08:23:34', '2022-12-02 05:58:56', 86),
('joo', 'Nam dui.', 'Grethel', 'Mirelle', '2022-10-07 03:51:57', '2023-03-29 06:49:40', 75),
('joo', 'Nunc nisl.', 'Jacquenette', 'Carney', '2022-11-28 02:54:03', '2022-12-27 11:36:59', 3),
('joo', 'Proin leo odio, porttitor id, consequat in, consequat ut, nulla.', 'Jobie', 'Thelma', '2023-05-13 02:10:40', '2023-02-13 16:15:29', 85),
('joo', 'Morbi vel lectus in quam fringilla rhoncus.', 'Theodore', 'Roscoe', '2022-09-22 13:15:02', '2023-06-25 16:12:45', 117),
('joo', 'Morbi odio odio, elementum eu, interdum eu, tincidunt in, leo.', 'Helaine', 'Erina', '2023-04-19 07:22:20', '2023-02-25 05:29:36', 21),
('joo', 'Etiam vel augue.', 'Auberta', 'Amelia', '2022-11-04 23:43:50', '2023-02-20 21:52:41', 21),
('joo', 'In congue.', 'Augustin', 'Kinna', '2022-08-24 09:08:25', '2022-10-11 08:15:37', 85),
('joo', 'Ut at dolor quis odio consequat varius.', 'Nonah', 'Bess', '2023-04-13 12:45:14', '2022-09-09 18:11:59', 62),
('joo', 'Sed ante.', 'Maighdiln', 'Vilma', '2022-10-28 00:37:48', '2023-06-09 14:22:56', 42),
('joo', 'Maecenas ut massa quis augue luctus tincidunt.', 'Dacie', 'Mechelle', '2023-06-09 17:39:46', '2022-12-18 12:01:54', 112),
('joo', 'Proin risus.', 'Aundrea', 'Teodoro', '2023-06-08 20:53:49', '2022-11-23 08:46:12', 13),
('joo', 'Etiam faucibus cursus urna.', 'Archambault', 'Malva', '2022-12-03 17:51:17', '2022-11-01 15:59:06', 20),
('joo', 'Nulla suscipit ligula in lacus.', 'Arleyne', 'Elana', '2023-03-31 01:34:44', '2022-09-10 17:52:30', 109),
('joo', 'Quisque id justo sit amet sapien dignissim vestibulum.', 'Ulick', 'Juline', '2023-02-25 23:35:18', '2023-04-29 04:58:24', 72),
('joo', 'Nam tristique tortor eu pede.', 'Toinette', 'Garvy', '2022-10-02 14:43:11', '2022-07-11 09:25:30', 122),
('joo', 'Cras pellentesque volutpat dui.', 'Norina', 'Zorana', '2022-10-14 11:53:46', '2022-12-01 20:55:48', 22),
('joo', 'Morbi odio odio, elementum eu, interdum eu, tincidunt in, leo.', 'Cordi', 'Agnes', '2022-10-03 15:38:13', '2023-05-22 00:01:38', 4),
('joo', 'Duis mattis egestas metus.', 'Lulu', 'Gayle', '2023-06-14 12:18:13', '2022-10-26 03:08:17', 23),
('joo', 'Pellentesque at nulla.', 'Odell', 'Elenore', '2023-05-16 08:05:07', '2022-11-07 21:15:58', 81),
('joo', 'Aliquam quis turpis eget elit sodales scelerisque.', 'Kippy', 'Madella', '2023-06-11 11:42:12', '2023-05-24 09:27:13', 93),
('joo', 'Donec ut dolor.', 'Gwenette', 'Sydney', '2022-10-24 11:26:15', '2022-08-02 21:43:09', 65),
('joo', 'Nam congue, risus semper porta volutpat, quam pede lobortis ligula, sit amet eleifend pede libero quis orci.', 'Kurt', 'Alidia', '2022-11-18 11:41:36', '2023-02-22 23:51:49', 57),
('joo', 'Nulla facilisi.', 'Sergeant', 'Brade', '2022-10-01 02:15:29', '2022-11-26 20:18:33', 29),
('joo', 'Vivamus metus arcu, adipiscing molestie, hendrerit at, vulputate vitae, nisl.', 'Esme', 'Lavina', '2023-03-26 10:58:59', '2022-12-08 00:30:21', 27),
('joo', 'Nulla nisl.', 'Diahann', 'Sarita', '2022-12-20 21:43:20', '2023-02-01 18:21:07', 103),
('joo', 'Quisque id justo sit amet sapien dignissim vestibulum.', 'Luther', 'Alic', '2022-10-28 07:27:10', '2023-02-14 18:15:39', 9),
('joo', 'Sed accumsan felis.', 'Estrellita', 'Shandy', '2023-02-14 02:44:47', '2022-12-21 14:33:58', 61),
('joo', 'Vestibulum ante ipsum primis in faucibus orci luctus et ultrices posuere cubilia Curae; Mauris viverra diam vitae quam.', 'Denny', 'Latrena', '2023-05-11 00:49:28', '2023-04-17 03:24:54', 32),
('joo', 'Sed accumsan felis.', 'Marmaduke', 'Ros', '2023-02-01 19:32:11', '2022-11-19 16:31:55', 23),
('joo', 'Vestibulum ac est lacinia nisi venenatis tristique.', 'Christabella', 'Hervey', '2022-09-09 22:32:32', '2023-04-02 21:19:36', 75),
('joo', 'Fusce consequat.', 'Ambrosius', 'Blane', '2023-01-06 01:47:36', '2022-08-10 01:10:46', 76),
('joo', 'Maecenas tincidunt lacus at velit.', 'Rae', 'Goldia', '2023-06-20 15:07:23', '2023-01-03 03:18:34', 123),
('joo', 'Integer pede justo, lacinia eget, tincidunt eget, tempus vel, pede.', 'Dilan', 'Siward', '2023-05-11 14:59:53', '2022-08-05 13:48:23', 56),
('joo', 'Nullam molestie nibh in lectus.', 'Ula', 'Bret', '2023-06-04 07:42:03', '2023-04-17 10:16:13', 38),
('joo', 'Duis at velit eu est congue elementum.', 'Minny', 'Antonino', '2023-04-18 07:05:15', '2022-10-19 20:23:49', 5),
('joo', 'Proin eu mi.', 'Savina', 'Hubey', '2023-05-13 16:07:48', '2023-05-03 02:57:07', 13),
('joo', 'Morbi porttitor lorem id ligula.', 'Rici', 'Vassili', '2022-09-14 08:21:11', '2023-01-17 13:28:02', 22),
('joo', 'Morbi porttitor lorem id ligula.', 'Elizabeth', 'Orlan', '2023-01-16 03:41:54', '2023-06-06 02:37:30', 114),
('joo', 'Vestibulum ante ipsum primis in faucibus orci luctus et ultrices posuere cubilia Curae; Donec pharetra, magna vestibulum aliquet ultrices, erat tortor sollicitudin mi, sit amet lobortis sapien sapien non mi.', 'Paige', 'Egor', '2023-01-29 08:41:43', '2023-03-07 08:45:47', 123),
('joo', 'Duis bibendum, felis sed interdum venenatis, turpis enim blandit mi, in porttitor pede justo eu massa.', 'Timmy', 'Moreen', '2023-07-04 11:25:22', '2023-01-11 11:16:46', 27),
('joo', 'Maecenas leo odio, condimentum id, luctus nec, molestie sed, justo.', 'Iona', 'Daisi', '2023-05-30 07:27:02', '2023-03-24 12:22:41', 103),
('joo', 'Nullam sit amet turpis elementum ligula vehicula consequat.', 'Ursuline', 'Allen', '2023-03-22 20:42:16', '2022-08-20 21:49:01', 3),
('joo', 'In quis justo.', 'Catie', 'Fanchette', '2023-04-01 17:32:33', '2022-12-17 22:03:58', 66),
('joo', 'Suspendisse accumsan tortor quis turpis.', 'Laurena', 'Kristofer', '2023-01-15 09:20:51', '2022-12-12 17:12:46', 15),
('joo', 'Proin eu mi.', 'Darsey', 'Hamlen', '2022-11-14 09:07:44', '2022-08-25 18:55:24', 106),
('joo', 'Nulla justo.', 'Row', 'Bernardine', '2022-08-15 17:09:50', '2022-08-23 11:06:30', 101),
('joo', 'Fusce consequat.', 'Celinda', 'Ola', '2022-09-24 18:54:17', '2023-03-02 02:18:41', 29),
('joo', 'Praesent blandit lacinia erat.', 'Giff', 'Wit', '2022-10-05 18:12:23', '2023-02-01 23:45:36', 14),
('joo', 'Sed ante.', 'Juanita', 'Tamar', '2022-11-09 06:49:40', '2022-12-03 22:48:54', 69),
('joo', 'Fusce consequat.', 'Anny', 'Giusto', '2023-01-29 10:22:43', '2023-04-17 22:23:59', 85),
('joo', 'Aliquam non mauris.', 'Garrik', 'Raeann', '2023-05-23 16:14:56', '2023-03-03 16:29:21', 49),
('joo', 'Etiam justo.', 'Ambros', 'Lanae', '2023-05-31 15:56:28', '2023-05-31 22:07:34', 90),
('joo', 'Proin interdum mauris non ligula pellentesque ultrices.', 'Parsifal', 'Rochette', '2023-02-18 17:44:23', '2023-06-02 08:01:30', 33),
('joo', 'Nullam sit amet turpis elementum ligula vehicula consequat.', 'Mallissa', 'Terrill', '2023-06-09 03:22:45', '2022-11-25 00:27:49', 79),
('joo', 'Aenean auctor gravida sem.', 'Shelton', 'Constantine', '2022-07-08 01:50:04', '2022-11-09 03:46:39', 76),
('joo', 'Morbi a ipsum.', 'Shirley', 'Annadiane', '2023-02-06 22:48:04', '2022-07-23 08:22:44', 40),
('joo', 'Nulla facilisi.', 'Annetta', 'Loree', '2022-12-28 03:52:29', '2022-12-23 12:04:12', 105),
('joo', 'Quisque erat eros, viverra eget, congue eget, semper rutrum, nulla.', 'Luella', 'Myles', '2022-12-04 16:52:21', '2022-07-30 22:35:51', 104),
('joo', 'Vivamus metus arcu, adipiscing molestie, hendrerit at, vulputate vitae, nisl.', 'Rosalynd', 'Maureen', '2022-12-26 08:01:13', '2022-07-30 18:55:51', 12),
('joo', 'Nam ultrices, libero non mattis pulvinar, nulla pede ullamcorper augue, a suscipit nulla elit ac nulla.', 'Jessamine', 'Raynor', '2022-09-02 10:38:15', '2022-07-17 13:38:41', 54),
('joo', 'Proin leo odio, porttitor id, consequat in, consequat ut, nulla.', 'Adda', 'Nari', '2022-12-06 17:23:47', '2023-06-06 00:45:44', 81),
('joo', 'Integer aliquet, massa id lobortis convallis, tortor risus dapibus augue, vel accumsan tellus nisi eu orci.', 'Alyse', 'Chas', '2023-01-30 03:55:24', '2022-10-03 16:33:34', 115),
('joo', 'Etiam justo.', 'Alonso', 'Reese', '2023-02-08 15:18:22', '2022-09-23 13:45:13', 40),
('joo', 'Vivamus tortor.', 'Guenevere', 'Geneva', '2022-09-17 00:11:01', '2023-04-19 23:18:04', 120),
('joo', 'Morbi vestibulum, velit id pretium iaculis, diam erat fermentum justo, nec condimentum neque sapien placerat ante.', 'Dallas', 'Eliza', '2022-08-20 07:24:42', '2022-11-24 14:29:41', 81),
('joo', 'Donec quis orci eget orci vehicula condimentum.', 'Albertine', 'Erasmus', '2023-05-06 05:24:10', '2022-08-02 06:19:46', 98),
('joo', 'Morbi a ipsum.', 'Harmonie', 'Iain', '2022-12-30 13:14:35', '2023-03-25 13:55:33', 100),
('joo', 'Nunc nisl.', 'Bonni', 'Harriet', '2023-01-10 01:15:51', '2023-01-19 16:21:25', 66),
('joo', 'Integer tincidunt ante vel ipsum.', 'Carena', 'Gannon', '2022-11-03 07:54:33', '2023-02-19 09:47:12', 77),
('joo', 'Donec semper sapien a libero.', 'Rodrigo', 'Thomasina', '2023-06-29 12:11:15', '2023-06-09 07:30:22', 61),
('joo', 'Morbi sem mauris, laoreet ut, rhoncus aliquet, pulvinar sed, nisl.', 'Freemon', 'Calhoun', '2022-11-01 13:36:50', '2022-12-02 23:20:58', 10),
('joo', 'In sagittis dui vel nisl.', 'Dosi', 'Abigael', '2022-07-09 09:22:34', '2023-05-11 03:45:49', 11),
('joo', 'Maecenas leo odio, condimentum id, luctus nec, molestie sed, justo.', 'Trixie', 'Benedikt', '2023-06-18 14:51:30', '2023-04-18 00:43:27', 53),
('joo', 'Cras non velit nec nisi vulputate nonummy.', 'Angela', 'Frasco', '2022-12-23 08:57:52', '2022-12-29 22:35:27', 53),
('joo', 'Suspendisse ornare consequat lectus.', 'Jinny', 'Shep', '2022-09-07 12:54:56', '2022-12-29 08:02:20', 119),
('joo', 'Lorem ipsum dolor sit amet, consectetuer adipiscing elit.', 'Nisse', 'Hussein', '2022-07-27 15:41:07', '2022-07-07 07:15:11', 54),
('joo', 'Vestibulum rutrum rutrum neque.', 'Netty', 'Herold', '2022-07-24 23:25:14', '2023-02-04 10:42:38', 120),
('joo', 'Morbi vestibulum, velit id pretium iaculis, diam erat fermentum justo, nec condimentum neque sapien placerat ante.', 'Richie', 'Frederick', '2023-04-01 15:10:32', '2022-07-07 08:23:06', 56),
('joo', 'Fusce congue, diam id ornare imperdiet, sapien urna pretium nisl, ut volutpat sapien arcu sed augue.', 'Gilli', 'Barthel', '2022-12-27 06:35:28', '2022-09-15 15:33:13', 74),
('joo', 'Morbi quis tortor id nulla ultrices aliquet.', 'Skippy', 'Nyssa', '2023-03-12 17:28:47', '2022-12-26 18:56:49', 98),
('joo', 'Nullam orci pede, venenatis non, sodales sed, tincidunt eu, felis.', 'Amalie', 'Elna', '2023-02-13 09:40:08', '2022-11-04 18:07:44', 8),
('joo', 'Nulla nisl.', 'Dahlia', 'Jan', '2023-03-22 23:36:41', '2022-08-26 22:35:33', 94),
('joo', 'Aliquam sit amet diam in magna bibendum imperdiet.', 'Mayor', 'Emyle', '2022-12-16 01:54:31', '2022-09-29 08:50:52', 105),
('joo', 'Donec posuere metus vitae ipsum.', 'Gussy', 'Betty', '2023-03-31 08:39:40', '2022-09-05 02:56:48', 53),
('joo', 'Aenean lectus.', 'Lucie', 'Devin', '2022-10-03 02:31:02', '2022-09-25 11:29:40', 45),
('joo', 'Morbi porttitor lorem id ligula.', 'Ferdy', 'Mariejeanne', '2022-07-11 16:50:09', '2022-12-28 22:56:30', 96),
('joo', 'Vestibulum ante ipsum primis in faucibus orci luctus et ultrices posuere cubilia Curae; Donec pharetra, magna vestibulum aliquet ultrices, erat tortor sollicitudin mi, sit amet lobortis sapien sapien non mi.', 'Athena', 'Bobbee', '2023-07-04 12:00:54', '2023-04-11 03:04:54', 43);
